2025-03-27 21:21:29	/var/www/html/dokuwiki/lib/plugins/dw2pdf/vendor/mpdf/mpdf/src/Mpdf.php(9082)	E_WARNING: unserialize(): Extra data starting at offset 82 of 85 bytes
  #0 [internal function]: dokuwiki\ErrorHandler::errorHandler()
  #1 /var/www/html/dokuwiki/lib/plugins/dw2pdf/vendor/mpdf/mpdf/src/Mpdf.php(9082): unserialize()
  #2 /var/www/html/dokuwiki/lib/plugins/dw2pdf/vendor/mpdf/mpdf/src/Mpdf.php(16147): Mpdf\Mpdf->_getObjAttr()
  #3 /var/www/html/dokuwiki/lib/plugins/dw2pdf/vendor/mpdf/mpdf/src/Tag/BlockTag.php(1126): Mpdf\Mpdf->printbuffer()
  #4 /var/www/html/dokuwiki/lib/plugins/dw2pdf/vendor/mpdf/mpdf/src/Tag.php(247): Mpdf\Tag\BlockTag->close()
  #5 /var/www/html/dokuwiki/lib/plugins/dw2pdf/vendor/mpdf/mpdf/src/Mpdf.php(13718): Mpdf\Tag->CloseTag()
  #6 /var/www/html/dokuwiki/lib/plugins/dw2pdf/action.php(540): Mpdf\Mpdf->WriteHTML()
  #7 /var/www/html/dokuwiki/lib/plugins/dw2pdf/action.php(118): action_plugin_dw2pdf->generatePDF()
  #8 /var/www/html/dokuwiki/inc/Extension/EventHandler.php(80): action_plugin_dw2pdf->convert()
  #9 /var/www/html/dokuwiki/inc/Extension/Event.php(75): dokuwiki\Extension\EventHandler->process_event()
  #10 /var/www/html/dokuwiki/inc/ActionRouter.php(83): dokuwiki\Extension\Event->advise_before()
  #11 /var/www/html/dokuwiki/inc/ActionRouter.php(49): dokuwiki\ActionRouter->setupAction()
  #12 /var/www/html/dokuwiki/inc/ActionRouter.php(62): dokuwiki\ActionRouter->__construct()
  #13 /var/www/html/dokuwiki/inc/actions.php(19): dokuwiki\ActionRouter::getInstance()
  #14 /var/www/html/dokuwiki/doku.php(131): act_dispatch()
  #15 {main}
2025-03-27 21:21:29	/var/www/html/dokuwiki/lib/plugins/dw2pdf/vendor/mpdf/mpdf/src/Mpdf.php(9082)	E_WARNING: unserialize(): Extra data starting at offset 82 of 85 bytes
  #0 [internal function]: dokuwiki\ErrorHandler::errorHandler()
  #1 /var/www/html/dokuwiki/lib/plugins/dw2pdf/vendor/mpdf/mpdf/src/Mpdf.php(9082): unserialize()
  #2 /var/www/html/dokuwiki/lib/plugins/dw2pdf/vendor/mpdf/mpdf/src/Mpdf.php(7835): Mpdf\Mpdf->_getObjAttr()
  #3 /var/www/html/dokuwiki/lib/plugins/dw2pdf/vendor/mpdf/mpdf/src/Mpdf.php(16413): Mpdf\Mpdf->WriteFlowingBlock()
  #4 /var/www/html/dokuwiki/lib/plugins/dw2pdf/vendor/mpdf/mpdf/src/Tag/BlockTag.php(1126): Mpdf\Mpdf->printbuffer()
  #5 /var/www/html/dokuwiki/lib/plugins/dw2pdf/vendor/mpdf/mpdf/src/Tag.php(247): Mpdf\Tag\BlockTag->close()
  #6 /var/www/html/dokuwiki/lib/plugins/dw2pdf/vendor/mpdf/mpdf/src/Mpdf.php(13718): Mpdf\Tag->CloseTag()
  #7 /var/www/html/dokuwiki/lib/plugins/dw2pdf/action.php(540): Mpdf\Mpdf->WriteHTML()
  #8 /var/www/html/dokuwiki/lib/plugins/dw2pdf/action.php(118): action_plugin_dw2pdf->generatePDF()
  #9 /var/www/html/dokuwiki/inc/Extension/EventHandler.php(80): action_plugin_dw2pdf->convert()
  #10 /var/www/html/dokuwiki/inc/Extension/Event.php(75): dokuwiki\Extension\EventHandler->process_event()
  #11 /var/www/html/dokuwiki/inc/ActionRouter.php(83): dokuwiki\Extension\Event->advise_before()
  #12 /var/www/html/dokuwiki/inc/ActionRouter.php(49): dokuwiki\ActionRouter->setupAction()
  #13 /var/www/html/dokuwiki/inc/ActionRouter.php(62): dokuwiki\ActionRouter->__construct()
  #14 /var/www/html/dokuwiki/inc/actions.php(19): dokuwiki\ActionRouter::getInstance()
  #15 /var/www/html/dokuwiki/doku.php(131): act_dispatch()
  #16 {main}
2025-03-27 21:21:29	/var/www/html/dokuwiki/lib/plugins/dw2pdf/vendor/mpdf/mpdf/src/Mpdf.php(9082)	E_WARNING: unserialize(): Extra data starting at offset 86 of 89 bytes
  #0 [internal function]: dokuwiki\ErrorHandler::errorHandler()
  #1 /var/www/html/dokuwiki/lib/plugins/dw2pdf/vendor/mpdf/mpdf/src/Mpdf.php(9082): unserialize()
  #2 /var/www/html/dokuwiki/lib/plugins/dw2pdf/vendor/mpdf/mpdf/src/Mpdf.php(16147): Mpdf\Mpdf->_getObjAttr()
  #3 /var/www/html/dokuwiki/lib/plugins/dw2pdf/vendor/mpdf/mpdf/src/Tag/BlockTag.php(1126): Mpdf\Mpdf->printbuffer()
  #4 /var/www/html/dokuwiki/lib/plugins/dw2pdf/vendor/mpdf/mpdf/src/Tag.php(247): Mpdf\Tag\BlockTag->close()
  #5 /var/www/html/dokuwiki/lib/plugins/dw2pdf/vendor/mpdf/mpdf/src/Mpdf.php(13718): Mpdf\Tag->CloseTag()
  #6 /var/www/html/dokuwiki/lib/plugins/dw2pdf/action.php(540): Mpdf\Mpdf->WriteHTML()
  #7 /var/www/html/dokuwiki/lib/plugins/dw2pdf/action.php(118): action_plugin_dw2pdf->generatePDF()
  #8 /var/www/html/dokuwiki/inc/Extension/EventHandler.php(80): action_plugin_dw2pdf->convert()
  #9 /var/www/html/dokuwiki/inc/Extension/Event.php(75): dokuwiki\Extension\EventHandler->process_event()
  #10 /var/www/html/dokuwiki/inc/ActionRouter.php(83): dokuwiki\Extension\Event->advise_before()
  #11 /var/www/html/dokuwiki/inc/ActionRouter.php(49): dokuwiki\ActionRouter->setupAction()
  #12 /var/www/html/dokuwiki/inc/ActionRouter.php(62): dokuwiki\ActionRouter->__construct()
  #13 /var/www/html/dokuwiki/inc/actions.php(19): dokuwiki\ActionRouter::getInstance()
  #14 /var/www/html/dokuwiki/doku.php(131): act_dispatch()
  #15 {main}
2025-03-27 21:21:29	/var/www/html/dokuwiki/lib/plugins/dw2pdf/vendor/mpdf/mpdf/src/Mpdf.php(9082)	E_WARNING: unserialize(): Extra data starting at offset 86 of 89 bytes
  #0 [internal function]: dokuwiki\ErrorHandler::errorHandler()
  #1 /var/www/html/dokuwiki/lib/plugins/dw2pdf/vendor/mpdf/mpdf/src/Mpdf.php(9082): unserialize()
  #2 /var/www/html/dokuwiki/lib/plugins/dw2pdf/vendor/mpdf/mpdf/src/Mpdf.php(7835): Mpdf\Mpdf->_getObjAttr()
  #3 /var/www/html/dokuwiki/lib/plugins/dw2pdf/vendor/mpdf/mpdf/src/Mpdf.php(16413): Mpdf\Mpdf->WriteFlowingBlock()
  #4 /var/www/html/dokuwiki/lib/plugins/dw2pdf/vendor/mpdf/mpdf/src/Tag/BlockTag.php(1126): Mpdf\Mpdf->printbuffer()
  #5 /var/www/html/dokuwiki/lib/plugins/dw2pdf/vendor/mpdf/mpdf/src/Tag.php(247): Mpdf\Tag\BlockTag->close()
  #6 /var/www/html/dokuwiki/lib/plugins/dw2pdf/vendor/mpdf/mpdf/src/Mpdf.php(13718): Mpdf\Tag->CloseTag()
  #7 /var/www/html/dokuwiki/lib/plugins/dw2pdf/action.php(540): Mpdf\Mpdf->WriteHTML()
  #8 /var/www/html/dokuwiki/lib/plugins/dw2pdf/action.php(118): action_plugin_dw2pdf->generatePDF()
  #9 /var/www/html/dokuwiki/inc/Extension/EventHandler.php(80): action_plugin_dw2pdf->convert()
  #10 /var/www/html/dokuwiki/inc/Extension/Event.php(75): dokuwiki\Extension\EventHandler->process_event()
  #11 /var/www/html/dokuwiki/inc/ActionRouter.php(83): dokuwiki\Extension\Event->advise_before()
  #12 /var/www/html/dokuwiki/inc/ActionRouter.php(49): dokuwiki\ActionRouter->setupAction()
  #13 /var/www/html/dokuwiki/inc/ActionRouter.php(62): dokuwiki\ActionRouter->__construct()
  #14 /var/www/html/dokuwiki/inc/actions.php(19): dokuwiki\ActionRouter::getInstance()
  #15 /var/www/html/dokuwiki/doku.php(131): act_dispatch()
  #16 {main}
2025-03-27 21:21:29	/var/www/html/dokuwiki/lib/plugins/dw2pdf/vendor/mpdf/mpdf/src/Mpdf.php(9082)	E_WARNING: unserialize(): Extra data starting at offset 915 of 918 bytes
  #0 [internal function]: dokuwiki\ErrorHandler::errorHandler()
  #1 /var/www/html/dokuwiki/lib/plugins/dw2pdf/vendor/mpdf/mpdf/src/Mpdf.php(9082): unserialize()
  #2 /var/www/html/dokuwiki/lib/plugins/dw2pdf/vendor/mpdf/mpdf/src/Mpdf.php(16147): Mpdf\Mpdf->_getObjAttr()
  #3 /var/www/html/dokuwiki/lib/plugins/dw2pdf/vendor/mpdf/mpdf/src/Tag/BlockTag.php(1126): Mpdf\Mpdf->printbuffer()
  #4 /var/www/html/dokuwiki/lib/plugins/dw2pdf/vendor/mpdf/mpdf/src/Tag.php(247): Mpdf\Tag\BlockTag->close()
  #5 /var/www/html/dokuwiki/lib/plugins/dw2pdf/vendor/mpdf/mpdf/src/Mpdf.php(13718): Mpdf\Tag->CloseTag()
  #6 /var/www/html/dokuwiki/lib/plugins/dw2pdf/action.php(540): Mpdf\Mpdf->WriteHTML()
  #7 /var/www/html/dokuwiki/lib/plugins/dw2pdf/action.php(118): action_plugin_dw2pdf->generatePDF()
  #8 /var/www/html/dokuwiki/inc/Extension/EventHandler.php(80): action_plugin_dw2pdf->convert()
  #9 /var/www/html/dokuwiki/inc/Extension/Event.php(75): dokuwiki\Extension\EventHandler->process_event()
  #10 /var/www/html/dokuwiki/inc/ActionRouter.php(83): dokuwiki\Extension\Event->advise_before()
  #11 /var/www/html/dokuwiki/inc/ActionRouter.php(49): dokuwiki\ActionRouter->setupAction()
  #12 /var/www/html/dokuwiki/inc/ActionRouter.php(62): dokuwiki\ActionRouter->__construct()
  #13 /var/www/html/dokuwiki/inc/actions.php(19): dokuwiki\ActionRouter::getInstance()
  #14 /var/www/html/dokuwiki/doku.php(131): act_dispatch()
  #15 {main}
2025-03-27 21:21:29	/var/www/html/dokuwiki/lib/plugins/dw2pdf/vendor/mpdf/mpdf/src/Mpdf.php(9082)	E_WARNING: unserialize(): Extra data starting at offset 915 of 918 bytes
  #0 [internal function]: dokuwiki\ErrorHandler::errorHandler()
  #1 /var/www/html/dokuwiki/lib/plugins/dw2pdf/vendor/mpdf/mpdf/src/Mpdf.php(9082): unserialize()
  #2 /var/www/html/dokuwiki/lib/plugins/dw2pdf/vendor/mpdf/mpdf/src/Mpdf.php(7835): Mpdf\Mpdf->_getObjAttr()
  #3 /var/www/html/dokuwiki/lib/plugins/dw2pdf/vendor/mpdf/mpdf/src/Mpdf.php(16413): Mpdf\Mpdf->WriteFlowingBlock()
  #4 /var/www/html/dokuwiki/lib/plugins/dw2pdf/vendor/mpdf/mpdf/src/Tag/BlockTag.php(1126): Mpdf\Mpdf->printbuffer()
  #5 /var/www/html/dokuwiki/lib/plugins/dw2pdf/vendor/mpdf/mpdf/src/Tag.php(247): Mpdf\Tag\BlockTag->close()
  #6 /var/www/html/dokuwiki/lib/plugins/dw2pdf/vendor/mpdf/mpdf/src/Mpdf.php(13718): Mpdf\Tag->CloseTag()
  #7 /var/www/html/dokuwiki/lib/plugins/dw2pdf/action.php(540): Mpdf\Mpdf->WriteHTML()
  #8 /var/www/html/dokuwiki/lib/plugins/dw2pdf/action.php(118): action_plugin_dw2pdf->generatePDF()
  #9 /var/www/html/dokuwiki/inc/Extension/EventHandler.php(80): action_plugin_dw2pdf->convert()
  #10 /var/www/html/dokuwiki/inc/Extension/Event.php(75): dokuwiki\Extension\EventHandler->process_event()
  #11 /var/www/html/dokuwiki/inc/ActionRouter.php(83): dokuwiki\Extension\Event->advise_before()
  #12 /var/www/html/dokuwiki/inc/ActionRouter.php(49): dokuwiki\ActionRouter->setupAction()
  #13 /var/www/html/dokuwiki/inc/ActionRouter.php(62): dokuwiki\ActionRouter->__construct()
  #14 /var/www/html/dokuwiki/inc/actions.php(19): dokuwiki\ActionRouter::getInstance()
  #15 /var/www/html/dokuwiki/doku.php(131): act_dispatch()
  #16 {main}
2025-03-27 21:21:29	/var/www/html/dokuwiki/lib/plugins/dw2pdf/vendor/mpdf/mpdf/src/Mpdf.php(9082)	E_WARNING: unserialize(): Extra data starting at offset 83 of 86 bytes
  #0 [internal function]: dokuwiki\ErrorHandler::errorHandler()
  #1 /var/www/html/dokuwiki/lib/plugins/dw2pdf/vendor/mpdf/mpdf/src/Mpdf.php(9082): unserialize()
  #2 /var/www/html/dokuwiki/lib/plugins/dw2pdf/vendor/mpdf/mpdf/src/Mpdf.php(16147): Mpdf\Mpdf->_getObjAttr()
  #3 /var/www/html/dokuwiki/lib/plugins/dw2pdf/vendor/mpdf/mpdf/src/Tag/BlockTag.php(1126): Mpdf\Mpdf->printbuffer()
  #4 /var/www/html/dokuwiki/lib/plugins/dw2pdf/vendor/mpdf/mpdf/src/Tag.php(247): Mpdf\Tag\BlockTag->close()
  #5 /var/www/html/dokuwiki/lib/plugins/dw2pdf/vendor/mpdf/mpdf/src/Mpdf.php(13718): Mpdf\Tag->CloseTag()
  #6 /var/www/html/dokuwiki/lib/plugins/dw2pdf/action.php(540): Mpdf\Mpdf->WriteHTML()
  #7 /var/www/html/dokuwiki/lib/plugins/dw2pdf/action.php(118): action_plugin_dw2pdf->generatePDF()
  #8 /var/www/html/dokuwiki/inc/Extension/EventHandler.php(80): action_plugin_dw2pdf->convert()
  #9 /var/www/html/dokuwiki/inc/Extension/Event.php(75): dokuwiki\Extension\EventHandler->process_event()
  #10 /var/www/html/dokuwiki/inc/ActionRouter.php(83): dokuwiki\Extension\Event->advise_before()
  #11 /var/www/html/dokuwiki/inc/ActionRouter.php(49): dokuwiki\ActionRouter->setupAction()
  #12 /var/www/html/dokuwiki/inc/ActionRouter.php(62): dokuwiki\ActionRouter->__construct()
  #13 /var/www/html/dokuwiki/inc/actions.php(19): dokuwiki\ActionRouter::getInstance()
  #14 /var/www/html/dokuwiki/doku.php(131): act_dispatch()
  #15 {main}
2025-03-27 21:21:29	/var/www/html/dokuwiki/lib/plugins/dw2pdf/vendor/mpdf/mpdf/src/Mpdf.php(9082)	E_WARNING: unserialize(): Extra data starting at offset 83 of 86 bytes
  #0 [internal function]: dokuwiki\ErrorHandler::errorHandler()
  #1 /var/www/html/dokuwiki/lib/plugins/dw2pdf/vendor/mpdf/mpdf/src/Mpdf.php(9082): unserialize()
  #2 /var/www/html/dokuwiki/lib/plugins/dw2pdf/vendor/mpdf/mpdf/src/Mpdf.php(7835): Mpdf\Mpdf->_getObjAttr()
  #3 /var/www/html/dokuwiki/lib/plugins/dw2pdf/vendor/mpdf/mpdf/src/Mpdf.php(16413): Mpdf\Mpdf->WriteFlowingBlock()
  #4 /var/www/html/dokuwiki/lib/plugins/dw2pdf/vendor/mpdf/mpdf/src/Tag/BlockTag.php(1126): Mpdf\Mpdf->printbuffer()
  #5 /var/www/html/dokuwiki/lib/plugins/dw2pdf/vendor/mpdf/mpdf/src/Tag.php(247): Mpdf\Tag\BlockTag->close()
  #6 /var/www/html/dokuwiki/lib/plugins/dw2pdf/vendor/mpdf/mpdf/src/Mpdf.php(13718): Mpdf\Tag->CloseTag()
  #7 /var/www/html/dokuwiki/lib/plugins/dw2pdf/action.php(540): Mpdf\Mpdf->WriteHTML()
  #8 /var/www/html/dokuwiki/lib/plugins/dw2pdf/action.php(118): action_plugin_dw2pdf->generatePDF()
  #9 /var/www/html/dokuwiki/inc/Extension/EventHandler.php(80): action_plugin_dw2pdf->convert()
  #10 /var/www/html/dokuwiki/inc/Extension/Event.php(75): dokuwiki\Extension\EventHandler->process_event()
  #11 /var/www/html/dokuwiki/inc/ActionRouter.php(83): dokuwiki\Extension\Event->advise_before()
  #12 /var/www/html/dokuwiki/inc/ActionRouter.php(49): dokuwiki\ActionRouter->setupAction()
  #13 /var/www/html/dokuwiki/inc/ActionRouter.php(62): dokuwiki\ActionRouter->__construct()
  #14 /var/www/html/dokuwiki/inc/actions.php(19): dokuwiki\ActionRouter::getInstance()
  #15 /var/www/html/dokuwiki/doku.php(131): act_dispatch()
  #16 {main}
2025-03-27 21:21:29	/var/www/html/dokuwiki/lib/plugins/dw2pdf/vendor/mpdf/mpdf/src/Mpdf.php(9082)	E_WARNING: unserialize(): Extra data starting at offset 113 of 116 bytes
  #0 [internal function]: dokuwiki\ErrorHandler::errorHandler()
  #1 /var/www/html/dokuwiki/lib/plugins/dw2pdf/vendor/mpdf/mpdf/src/Mpdf.php(9082): unserialize()
  #2 /var/www/html/dokuwiki/lib/plugins/dw2pdf/vendor/mpdf/mpdf/src/Mpdf.php(16147): Mpdf\Mpdf->_getObjAttr()
  #3 /var/www/html/dokuwiki/lib/plugins/dw2pdf/vendor/mpdf/mpdf/src/Tag/BlockTag.php(1126): Mpdf\Mpdf->printbuffer()
  #4 /var/www/html/dokuwiki/lib/plugins/dw2pdf/vendor/mpdf/mpdf/src/Tag.php(247): Mpdf\Tag\BlockTag->close()
  #5 /var/www/html/dokuwiki/lib/plugins/dw2pdf/vendor/mpdf/mpdf/src/Mpdf.php(13718): Mpdf\Tag->CloseTag()
  #6 /var/www/html/dokuwiki/lib/plugins/dw2pdf/action.php(540): Mpdf\Mpdf->WriteHTML()
  #7 /var/www/html/dokuwiki/lib/plugins/dw2pdf/action.php(118): action_plugin_dw2pdf->generatePDF()
  #8 /var/www/html/dokuwiki/inc/Extension/EventHandler.php(80): action_plugin_dw2pdf->convert()
  #9 /var/www/html/dokuwiki/inc/Extension/Event.php(75): dokuwiki\Extension\EventHandler->process_event()
  #10 /var/www/html/dokuwiki/inc/ActionRouter.php(83): dokuwiki\Extension\Event->advise_before()
  #11 /var/www/html/dokuwiki/inc/ActionRouter.php(49): dokuwiki\ActionRouter->setupAction()
  #12 /var/www/html/dokuwiki/inc/ActionRouter.php(62): dokuwiki\ActionRouter->__construct()
  #13 /var/www/html/dokuwiki/inc/actions.php(19): dokuwiki\ActionRouter::getInstance()
  #14 /var/www/html/dokuwiki/doku.php(131): act_dispatch()
  #15 {main}
2025-03-27 21:21:29	/var/www/html/dokuwiki/lib/plugins/dw2pdf/vendor/mpdf/mpdf/src/Mpdf.php(9082)	E_WARNING: unserialize(): Extra data starting at offset 113 of 116 bytes
  #0 [internal function]: dokuwiki\ErrorHandler::errorHandler()
  #1 /var/www/html/dokuwiki/lib/plugins/dw2pdf/vendor/mpdf/mpdf/src/Mpdf.php(9082): unserialize()
  #2 /var/www/html/dokuwiki/lib/plugins/dw2pdf/vendor/mpdf/mpdf/src/Mpdf.php(7835): Mpdf\Mpdf->_getObjAttr()
  #3 /var/www/html/dokuwiki/lib/plugins/dw2pdf/vendor/mpdf/mpdf/src/Mpdf.php(16413): Mpdf\Mpdf->WriteFlowingBlock()
  #4 /var/www/html/dokuwiki/lib/plugins/dw2pdf/vendor/mpdf/mpdf/src/Tag/BlockTag.php(1126): Mpdf\Mpdf->printbuffer()
  #5 /var/www/html/dokuwiki/lib/plugins/dw2pdf/vendor/mpdf/mpdf/src/Tag.php(247): Mpdf\Tag\BlockTag->close()
  #6 /var/www/html/dokuwiki/lib/plugins/dw2pdf/vendor/mpdf/mpdf/src/Mpdf.php(13718): Mpdf\Tag->CloseTag()
  #7 /var/www/html/dokuwiki/lib/plugins/dw2pdf/action.php(540): Mpdf\Mpdf->WriteHTML()
  #8 /var/www/html/dokuwiki/lib/plugins/dw2pdf/action.php(118): action_plugin_dw2pdf->generatePDF()
  #9 /var/www/html/dokuwiki/inc/Extension/EventHandler.php(80): action_plugin_dw2pdf->convert()
  #10 /var/www/html/dokuwiki/inc/Extension/Event.php(75): dokuwiki\Extension\EventHandler->process_event()
  #11 /var/www/html/dokuwiki/inc/ActionRouter.php(83): dokuwiki\Extension\Event->advise_before()
  #12 /var/www/html/dokuwiki/inc/ActionRouter.php(49): dokuwiki\ActionRouter->setupAction()
  #13 /var/www/html/dokuwiki/inc/ActionRouter.php(62): dokuwiki\ActionRouter->__construct()
  #14 /var/www/html/dokuwiki/inc/actions.php(19): dokuwiki\ActionRouter::getInstance()
  #15 /var/www/html/dokuwiki/doku.php(131): act_dispatch()
  #16 {main}
2025-03-27 21:21:29	/var/www/html/dokuwiki/lib/plugins/dw2pdf/vendor/mpdf/mpdf/src/Mpdf.php(9082)	E_WARNING: unserialize(): Extra data starting at offset 103 of 106 bytes
  #0 [internal function]: dokuwiki\ErrorHandler::errorHandler()
  #1 /var/www/html/dokuwiki/lib/plugins/dw2pdf/vendor/mpdf/mpdf/src/Mpdf.php(9082): unserialize()
  #2 /var/www/html/dokuwiki/lib/plugins/dw2pdf/vendor/mpdf/mpdf/src/Mpdf.php(16147): Mpdf\Mpdf->_getObjAttr()
  #3 /var/www/html/dokuwiki/lib/plugins/dw2pdf/vendor/mpdf/mpdf/src/Tag/BlockTag.php(1126): Mpdf\Mpdf->printbuffer()
  #4 /var/www/html/dokuwiki/lib/plugins/dw2pdf/vendor/mpdf/mpdf/src/Tag.php(247): Mpdf\Tag\BlockTag->close()
  #5 /var/www/html/dokuwiki/lib/plugins/dw2pdf/vendor/mpdf/mpdf/src/Mpdf.php(13718): Mpdf\Tag->CloseTag()
  #6 /var/www/html/dokuwiki/lib/plugins/dw2pdf/action.php(540): Mpdf\Mpdf->WriteHTML()
  #7 /var/www/html/dokuwiki/lib/plugins/dw2pdf/action.php(118): action_plugin_dw2pdf->generatePDF()
  #8 /var/www/html/dokuwiki/inc/Extension/EventHandler.php(80): action_plugin_dw2pdf->convert()
  #9 /var/www/html/dokuwiki/inc/Extension/Event.php(75): dokuwiki\Extension\EventHandler->process_event()
  #10 /var/www/html/dokuwiki/inc/ActionRouter.php(83): dokuwiki\Extension\Event->advise_before()
  #11 /var/www/html/dokuwiki/inc/ActionRouter.php(49): dokuwiki\ActionRouter->setupAction()
  #12 /var/www/html/dokuwiki/inc/ActionRouter.php(62): dokuwiki\ActionRouter->__construct()
  #13 /var/www/html/dokuwiki/inc/actions.php(19): dokuwiki\ActionRouter::getInstance()
  #14 /var/www/html/dokuwiki/doku.php(131): act_dispatch()
  #15 {main}
2025-03-27 21:21:29	/var/www/html/dokuwiki/lib/plugins/dw2pdf/vendor/mpdf/mpdf/src/Mpdf.php(9082)	E_WARNING: unserialize(): Extra data starting at offset 103 of 106 bytes
  #0 [internal function]: dokuwiki\ErrorHandler::errorHandler()
  #1 /var/www/html/dokuwiki/lib/plugins/dw2pdf/vendor/mpdf/mpdf/src/Mpdf.php(9082): unserialize()
  #2 /var/www/html/dokuwiki/lib/plugins/dw2pdf/vendor/mpdf/mpdf/src/Mpdf.php(7835): Mpdf\Mpdf->_getObjAttr()
  #3 /var/www/html/dokuwiki/lib/plugins/dw2pdf/vendor/mpdf/mpdf/src/Mpdf.php(16413): Mpdf\Mpdf->WriteFlowingBlock()
  #4 /var/www/html/dokuwiki/lib/plugins/dw2pdf/vendor/mpdf/mpdf/src/Tag/BlockTag.php(1126): Mpdf\Mpdf->printbuffer()
  #5 /var/www/html/dokuwiki/lib/plugins/dw2pdf/vendor/mpdf/mpdf/src/Tag.php(247): Mpdf\Tag\BlockTag->close()
  #6 /var/www/html/dokuwiki/lib/plugins/dw2pdf/vendor/mpdf/mpdf/src/Mpdf.php(13718): Mpdf\Tag->CloseTag()
  #7 /var/www/html/dokuwiki/lib/plugins/dw2pdf/action.php(540): Mpdf\Mpdf->WriteHTML()
  #8 /var/www/html/dokuwiki/lib/plugins/dw2pdf/action.php(118): action_plugin_dw2pdf->generatePDF()
  #9 /var/www/html/dokuwiki/inc/Extension/EventHandler.php(80): action_plugin_dw2pdf->convert()
  #10 /var/www/html/dokuwiki/inc/Extension/Event.php(75): dokuwiki\Extension\EventHandler->process_event()
  #11 /var/www/html/dokuwiki/inc/ActionRouter.php(83): dokuwiki\Extension\Event->advise_before()
  #12 /var/www/html/dokuwiki/inc/ActionRouter.php(49): dokuwiki\ActionRouter->setupAction()
  #13 /var/www/html/dokuwiki/inc/ActionRouter.php(62): dokuwiki\ActionRouter->__construct()
  #14 /var/www/html/dokuwiki/inc/actions.php(19): dokuwiki\ActionRouter::getInstance()
  #15 /var/www/html/dokuwiki/doku.php(131): act_dispatch()
  #16 {main}
2025-03-27 21:21:29	/var/www/html/dokuwiki/lib/plugins/dw2pdf/vendor/mpdf/mpdf/src/Mpdf.php(9082)	E_WARNING: unserialize(): Extra data starting at offset 100 of 103 bytes
  #0 [internal function]: dokuwiki\ErrorHandler::errorHandler()
  #1 /var/www/html/dokuwiki/lib/plugins/dw2pdf/vendor/mpdf/mpdf/src/Mpdf.php(9082): unserialize()
  #2 /var/www/html/dokuwiki/lib/plugins/dw2pdf/vendor/mpdf/mpdf/src/Mpdf.php(16147): Mpdf\Mpdf->_getObjAttr()
  #3 /var/www/html/dokuwiki/lib/plugins/dw2pdf/vendor/mpdf/mpdf/src/Tag/BlockTag.php(1126): Mpdf\Mpdf->printbuffer()
  #4 /var/www/html/dokuwiki/lib/plugins/dw2pdf/vendor/mpdf/mpdf/src/Tag.php(247): Mpdf\Tag\BlockTag->close()
  #5 /var/www/html/dokuwiki/lib/plugins/dw2pdf/vendor/mpdf/mpdf/src/Mpdf.php(13718): Mpdf\Tag->CloseTag()
  #6 /var/www/html/dokuwiki/lib/plugins/dw2pdf/action.php(540): Mpdf\Mpdf->WriteHTML()
  #7 /var/www/html/dokuwiki/lib/plugins/dw2pdf/action.php(118): action_plugin_dw2pdf->generatePDF()
  #8 /var/www/html/dokuwiki/inc/Extension/EventHandler.php(80): action_plugin_dw2pdf->convert()
  #9 /var/www/html/dokuwiki/inc/Extension/Event.php(75): dokuwiki\Extension\EventHandler->process_event()
  #10 /var/www/html/dokuwiki/inc/ActionRouter.php(83): dokuwiki\Extension\Event->advise_before()
  #11 /var/www/html/dokuwiki/inc/ActionRouter.php(49): dokuwiki\ActionRouter->setupAction()
  #12 /var/www/html/dokuwiki/inc/ActionRouter.php(62): dokuwiki\ActionRouter->__construct()
  #13 /var/www/html/dokuwiki/inc/actions.php(19): dokuwiki\ActionRouter::getInstance()
  #14 /var/www/html/dokuwiki/doku.php(131): act_dispatch()
  #15 {main}
2025-03-27 21:21:29	/var/www/html/dokuwiki/lib/plugins/dw2pdf/vendor/mpdf/mpdf/src/Mpdf.php(9082)	E_WARNING: unserialize(): Extra data starting at offset 100 of 103 bytes
  #0 [internal function]: dokuwiki\ErrorHandler::errorHandler()
  #1 /var/www/html/dokuwiki/lib/plugins/dw2pdf/vendor/mpdf/mpdf/src/Mpdf.php(9082): unserialize()
  #2 /var/www/html/dokuwiki/lib/plugins/dw2pdf/vendor/mpdf/mpdf/src/Mpdf.php(7835): Mpdf\Mpdf->_getObjAttr()
  #3 /var/www/html/dokuwiki/lib/plugins/dw2pdf/vendor/mpdf/mpdf/src/Mpdf.php(16413): Mpdf\Mpdf->WriteFlowingBlock()
  #4 /var/www/html/dokuwiki/lib/plugins/dw2pdf/vendor/mpdf/mpdf/src/Tag/BlockTag.php(1126): Mpdf\Mpdf->printbuffer()
  #5 /var/www/html/dokuwiki/lib/plugins/dw2pdf/vendor/mpdf/mpdf/src/Tag.php(247): Mpdf\Tag\BlockTag->close()
  #6 /var/www/html/dokuwiki/lib/plugins/dw2pdf/vendor/mpdf/mpdf/src/Mpdf.php(13718): Mpdf\Tag->CloseTag()
  #7 /var/www/html/dokuwiki/lib/plugins/dw2pdf/action.php(540): Mpdf\Mpdf->WriteHTML()
  #8 /var/www/html/dokuwiki/lib/plugins/dw2pdf/action.php(118): action_plugin_dw2pdf->generatePDF()
  #9 /var/www/html/dokuwiki/inc/Extension/EventHandler.php(80): action_plugin_dw2pdf->convert()
  #10 /var/www/html/dokuwiki/inc/Extension/Event.php(75): dokuwiki\Extension\EventHandler->process_event()
  #11 /var/www/html/dokuwiki/inc/ActionRouter.php(83): dokuwiki\Extension\Event->advise_before()
  #12 /var/www/html/dokuwiki/inc/ActionRouter.php(49): dokuwiki\ActionRouter->setupAction()
  #13 /var/www/html/dokuwiki/inc/ActionRouter.php(62): dokuwiki\ActionRouter->__construct()
  #14 /var/www/html/dokuwiki/inc/actions.php(19): dokuwiki\ActionRouter::getInstance()
  #15 /var/www/html/dokuwiki/doku.php(131): act_dispatch()
  #16 {main}
2025-03-27 21:21:29	/var/www/html/dokuwiki/lib/plugins/dw2pdf/vendor/mpdf/mpdf/src/Mpdf.php(9082)	E_WARNING: unserialize(): Extra data starting at offset 107 of 110 bytes
  #0 [internal function]: dokuwiki\ErrorHandler::errorHandler()
  #1 /var/www/html/dokuwiki/lib/plugins/dw2pdf/vendor/mpdf/mpdf/src/Mpdf.php(9082): unserialize()
  #2 /var/www/html/dokuwiki/lib/plugins/dw2pdf/vendor/mpdf/mpdf/src/Mpdf.php(16147): Mpdf\Mpdf->_getObjAttr()
  #3 /var/www/html/dokuwiki/lib/plugins/dw2pdf/vendor/mpdf/mpdf/src/Tag/BlockTag.php(1126): Mpdf\Mpdf->printbuffer()
  #4 /var/www/html/dokuwiki/lib/plugins/dw2pdf/vendor/mpdf/mpdf/src/Tag.php(247): Mpdf\Tag\BlockTag->close()
  #5 /var/www/html/dokuwiki/lib/plugins/dw2pdf/vendor/mpdf/mpdf/src/Mpdf.php(13718): Mpdf\Tag->CloseTag()
  #6 /var/www/html/dokuwiki/lib/plugins/dw2pdf/action.php(540): Mpdf\Mpdf->WriteHTML()
  #7 /var/www/html/dokuwiki/lib/plugins/dw2pdf/action.php(118): action_plugin_dw2pdf->generatePDF()
  #8 /var/www/html/dokuwiki/inc/Extension/EventHandler.php(80): action_plugin_dw2pdf->convert()
  #9 /var/www/html/dokuwiki/inc/Extension/Event.php(75): dokuwiki\Extension\EventHandler->process_event()
  #10 /var/www/html/dokuwiki/inc/ActionRouter.php(83): dokuwiki\Extension\Event->advise_before()
  #11 /var/www/html/dokuwiki/inc/ActionRouter.php(49): dokuwiki\ActionRouter->setupAction()
  #12 /var/www/html/dokuwiki/inc/ActionRouter.php(62): dokuwiki\ActionRouter->__construct()
  #13 /var/www/html/dokuwiki/inc/actions.php(19): dokuwiki\ActionRouter::getInstance()
  #14 /var/www/html/dokuwiki/doku.php(131): act_dispatch()
  #15 {main}
2025-03-27 21:21:29	/var/www/html/dokuwiki/lib/plugins/dw2pdf/vendor/mpdf/mpdf/src/Mpdf.php(9082)	E_WARNING: unserialize(): Extra data starting at offset 107 of 110 bytes
  #0 [internal function]: dokuwiki\ErrorHandler::errorHandler()
  #1 /var/www/html/dokuwiki/lib/plugins/dw2pdf/vendor/mpdf/mpdf/src/Mpdf.php(9082): unserialize()
  #2 /var/www/html/dokuwiki/lib/plugins/dw2pdf/vendor/mpdf/mpdf/src/Mpdf.php(7835): Mpdf\Mpdf->_getObjAttr()
  #3 /var/www/html/dokuwiki/lib/plugins/dw2pdf/vendor/mpdf/mpdf/src/Mpdf.php(16413): Mpdf\Mpdf->WriteFlowingBlock()
  #4 /var/www/html/dokuwiki/lib/plugins/dw2pdf/vendor/mpdf/mpdf/src/Tag/BlockTag.php(1126): Mpdf\Mpdf->printbuffer()
  #5 /var/www/html/dokuwiki/lib/plugins/dw2pdf/vendor/mpdf/mpdf/src/Tag.php(247): Mpdf\Tag\BlockTag->close()
  #6 /var/www/html/dokuwiki/lib/plugins/dw2pdf/vendor/mpdf/mpdf/src/Mpdf.php(13718): Mpdf\Tag->CloseTag()
  #7 /var/www/html/dokuwiki/lib/plugins/dw2pdf/action.php(540): Mpdf\Mpdf->WriteHTML()
  #8 /var/www/html/dokuwiki/lib/plugins/dw2pdf/action.php(118): action_plugin_dw2pdf->generatePDF()
  #9 /var/www/html/dokuwiki/inc/Extension/EventHandler.php(80): action_plugin_dw2pdf->convert()
  #10 /var/www/html/dokuwiki/inc/Extension/Event.php(75): dokuwiki\Extension\EventHandler->process_event()
  #11 /var/www/html/dokuwiki/inc/ActionRouter.php(83): dokuwiki\Extension\Event->advise_before()
  #12 /var/www/html/dokuwiki/inc/ActionRouter.php(49): dokuwiki\ActionRouter->setupAction()
  #13 /var/www/html/dokuwiki/inc/ActionRouter.php(62): dokuwiki\ActionRouter->__construct()
  #14 /var/www/html/dokuwiki/inc/actions.php(19): dokuwiki\ActionRouter::getInstance()
  #15 /var/www/html/dokuwiki/doku.php(131): act_dispatch()
  #16 {main}
2025-03-27 21:21:29	/var/www/html/dokuwiki/lib/plugins/dw2pdf/vendor/mpdf/mpdf/src/Mpdf.php(9082)	E_WARNING: unserialize(): Extra data starting at offset 99 of 102 bytes
  #0 [internal function]: dokuwiki\ErrorHandler::errorHandler()
  #1 /var/www/html/dokuwiki/lib/plugins/dw2pdf/vendor/mpdf/mpdf/src/Mpdf.php(9082): unserialize()
  #2 /var/www/html/dokuwiki/lib/plugins/dw2pdf/vendor/mpdf/mpdf/src/Mpdf.php(16147): Mpdf\Mpdf->_getObjAttr()
  #3 /var/www/html/dokuwiki/lib/plugins/dw2pdf/vendor/mpdf/mpdf/src/Tag/BlockTag.php(1126): Mpdf\Mpdf->printbuffer()
  #4 /var/www/html/dokuwiki/lib/plugins/dw2pdf/vendor/mpdf/mpdf/src/Tag.php(247): Mpdf\Tag\BlockTag->close()
  #5 /var/www/html/dokuwiki/lib/plugins/dw2pdf/vendor/mpdf/mpdf/src/Mpdf.php(13718): Mpdf\Tag->CloseTag()
  #6 /var/www/html/dokuwiki/lib/plugins/dw2pdf/action.php(540): Mpdf\Mpdf->WriteHTML()
  #7 /var/www/html/dokuwiki/lib/plugins/dw2pdf/action.php(118): action_plugin_dw2pdf->generatePDF()
  #8 /var/www/html/dokuwiki/inc/Extension/EventHandler.php(80): action_plugin_dw2pdf->convert()
  #9 /var/www/html/dokuwiki/inc/Extension/Event.php(75): dokuwiki\Extension\EventHandler->process_event()
  #10 /var/www/html/dokuwiki/inc/ActionRouter.php(83): dokuwiki\Extension\Event->advise_before()
  #11 /var/www/html/dokuwiki/inc/ActionRouter.php(49): dokuwiki\ActionRouter->setupAction()
  #12 /var/www/html/dokuwiki/inc/ActionRouter.php(62): dokuwiki\ActionRouter->__construct()
  #13 /var/www/html/dokuwiki/inc/actions.php(19): dokuwiki\ActionRouter::getInstance()
  #14 /var/www/html/dokuwiki/doku.php(131): act_dispatch()
  #15 {main}
2025-03-27 21:21:29	/var/www/html/dokuwiki/lib/plugins/dw2pdf/vendor/mpdf/mpdf/src/Mpdf.php(9082)	E_WARNING: unserialize(): Extra data starting at offset 99 of 102 bytes
  #0 [internal function]: dokuwiki\ErrorHandler::errorHandler()
  #1 /var/www/html/dokuwiki/lib/plugins/dw2pdf/vendor/mpdf/mpdf/src/Mpdf.php(9082): unserialize()
  #2 /var/www/html/dokuwiki/lib/plugins/dw2pdf/vendor/mpdf/mpdf/src/Mpdf.php(7835): Mpdf\Mpdf->_getObjAttr()
  #3 /var/www/html/dokuwiki/lib/plugins/dw2pdf/vendor/mpdf/mpdf/src/Mpdf.php(16413): Mpdf\Mpdf->WriteFlowingBlock()
  #4 /var/www/html/dokuwiki/lib/plugins/dw2pdf/vendor/mpdf/mpdf/src/Tag/BlockTag.php(1126): Mpdf\Mpdf->printbuffer()
  #5 /var/www/html/dokuwiki/lib/plugins/dw2pdf/vendor/mpdf/mpdf/src/Tag.php(247): Mpdf\Tag\BlockTag->close()
  #6 /var/www/html/dokuwiki/lib/plugins/dw2pdf/vendor/mpdf/mpdf/src/Mpdf.php(13718): Mpdf\Tag->CloseTag()
  #7 /var/www/html/dokuwiki/lib/plugins/dw2pdf/action.php(540): Mpdf\Mpdf->WriteHTML()
  #8 /var/www/html/dokuwiki/lib/plugins/dw2pdf/action.php(118): action_plugin_dw2pdf->generatePDF()
  #9 /var/www/html/dokuwiki/inc/Extension/EventHandler.php(80): action_plugin_dw2pdf->convert()
  #10 /var/www/html/dokuwiki/inc/Extension/Event.php(75): dokuwiki\Extension\EventHandler->process_event()
  #11 /var/www/html/dokuwiki/inc/ActionRouter.php(83): dokuwiki\Extension\Event->advise_before()
  #12 /var/www/html/dokuwiki/inc/ActionRouter.php(49): dokuwiki\ActionRouter->setupAction()
  #13 /var/www/html/dokuwiki/inc/ActionRouter.php(62): dokuwiki\ActionRouter->__construct()
  #14 /var/www/html/dokuwiki/inc/actions.php(19): dokuwiki\ActionRouter::getInstance()
  #15 /var/www/html/dokuwiki/doku.php(131): act_dispatch()
  #16 {main}
2025-03-27 21:21:29	/var/www/html/dokuwiki/lib/plugins/dw2pdf/vendor/mpdf/mpdf/src/Mpdf.php(9082)	E_WARNING: unserialize(): Extra data starting at offset 103 of 106 bytes
  #0 [internal function]: dokuwiki\ErrorHandler::errorHandler()
  #1 /var/www/html/dokuwiki/lib/plugins/dw2pdf/vendor/mpdf/mpdf/src/Mpdf.php(9082): unserialize()
  #2 /var/www/html/dokuwiki/lib/plugins/dw2pdf/vendor/mpdf/mpdf/src/Mpdf.php(16147): Mpdf\Mpdf->_getObjAttr()
  #3 /var/www/html/dokuwiki/lib/plugins/dw2pdf/vendor/mpdf/mpdf/src/Tag/BlockTag.php(1126): Mpdf\Mpdf->printbuffer()
  #4 /var/www/html/dokuwiki/lib/plugins/dw2pdf/vendor/mpdf/mpdf/src/Tag.php(247): Mpdf\Tag\BlockTag->close()
  #5 /var/www/html/dokuwiki/lib/plugins/dw2pdf/vendor/mpdf/mpdf/src/Mpdf.php(13718): Mpdf\Tag->CloseTag()
  #6 /var/www/html/dokuwiki/lib/plugins/dw2pdf/action.php(540): Mpdf\Mpdf->WriteHTML()
  #7 /var/www/html/dokuwiki/lib/plugins/dw2pdf/action.php(118): action_plugin_dw2pdf->generatePDF()
  #8 /var/www/html/dokuwiki/inc/Extension/EventHandler.php(80): action_plugin_dw2pdf->convert()
  #9 /var/www/html/dokuwiki/inc/Extension/Event.php(75): dokuwiki\Extension\EventHandler->process_event()
  #10 /var/www/html/dokuwiki/inc/ActionRouter.php(83): dokuwiki\Extension\Event->advise_before()
  #11 /var/www/html/dokuwiki/inc/ActionRouter.php(49): dokuwiki\ActionRouter->setupAction()
  #12 /var/www/html/dokuwiki/inc/ActionRouter.php(62): dokuwiki\ActionRouter->__construct()
  #13 /var/www/html/dokuwiki/inc/actions.php(19): dokuwiki\ActionRouter::getInstance()
  #14 /var/www/html/dokuwiki/doku.php(131): act_dispatch()
  #15 {main}
2025-03-27 21:21:29	/var/www/html/dokuwiki/lib/plugins/dw2pdf/vendor/mpdf/mpdf/src/Mpdf.php(9082)	E_WARNING: unserialize(): Extra data starting at offset 103 of 106 bytes
  #0 [internal function]: dokuwiki\ErrorHandler::errorHandler()
  #1 /var/www/html/dokuwiki/lib/plugins/dw2pdf/vendor/mpdf/mpdf/src/Mpdf.php(9082): unserialize()
  #2 /var/www/html/dokuwiki/lib/plugins/dw2pdf/vendor/mpdf/mpdf/src/Mpdf.php(7835): Mpdf\Mpdf->_getObjAttr()
  #3 /var/www/html/dokuwiki/lib/plugins/dw2pdf/vendor/mpdf/mpdf/src/Mpdf.php(16413): Mpdf\Mpdf->WriteFlowingBlock()
  #4 /var/www/html/dokuwiki/lib/plugins/dw2pdf/vendor/mpdf/mpdf/src/Tag/BlockTag.php(1126): Mpdf\Mpdf->printbuffer()
  #5 /var/www/html/dokuwiki/lib/plugins/dw2pdf/vendor/mpdf/mpdf/src/Tag.php(247): Mpdf\Tag\BlockTag->close()
  #6 /var/www/html/dokuwiki/lib/plugins/dw2pdf/vendor/mpdf/mpdf/src/Mpdf.php(13718): Mpdf\Tag->CloseTag()
  #7 /var/www/html/dokuwiki/lib/plugins/dw2pdf/action.php(540): Mpdf\Mpdf->WriteHTML()
  #8 /var/www/html/dokuwiki/lib/plugins/dw2pdf/action.php(118): action_plugin_dw2pdf->generatePDF()
  #9 /var/www/html/dokuwiki/inc/Extension/EventHandler.php(80): action_plugin_dw2pdf->convert()
  #10 /var/www/html/dokuwiki/inc/Extension/Event.php(75): dokuwiki\Extension\EventHandler->process_event()
  #11 /var/www/html/dokuwiki/inc/ActionRouter.php(83): dokuwiki\Extension\Event->advise_before()
  #12 /var/www/html/dokuwiki/inc/ActionRouter.php(49): dokuwiki\ActionRouter->setupAction()
  #13 /var/www/html/dokuwiki/inc/ActionRouter.php(62): dokuwiki\ActionRouter->__construct()
  #14 /var/www/html/dokuwiki/inc/actions.php(19): dokuwiki\ActionRouter::getInstance()
  #15 /var/www/html/dokuwiki/doku.php(131): act_dispatch()
  #16 {main}
2025-03-27 21:21:29	/var/www/html/dokuwiki/lib/plugins/dw2pdf/vendor/mpdf/mpdf/src/Mpdf.php(9082)	E_WARNING: unserialize(): Extra data starting at offset 112 of 115 bytes
  #0 [internal function]: dokuwiki\ErrorHandler::errorHandler()
  #1 /var/www/html/dokuwiki/lib/plugins/dw2pdf/vendor/mpdf/mpdf/src/Mpdf.php(9082): unserialize()
  #2 /var/www/html/dokuwiki/lib/plugins/dw2pdf/vendor/mpdf/mpdf/src/Mpdf.php(16147): Mpdf\Mpdf->_getObjAttr()
  #3 /var/www/html/dokuwiki/lib/plugins/dw2pdf/vendor/mpdf/mpdf/src/Tag/BlockTag.php(1126): Mpdf\Mpdf->printbuffer()
  #4 /var/www/html/dokuwiki/lib/plugins/dw2pdf/vendor/mpdf/mpdf/src/Tag.php(247): Mpdf\Tag\BlockTag->close()
  #5 /var/www/html/dokuwiki/lib/plugins/dw2pdf/vendor/mpdf/mpdf/src/Mpdf.php(13718): Mpdf\Tag->CloseTag()
  #6 /var/www/html/dokuwiki/lib/plugins/dw2pdf/action.php(540): Mpdf\Mpdf->WriteHTML()
  #7 /var/www/html/dokuwiki/lib/plugins/dw2pdf/action.php(118): action_plugin_dw2pdf->generatePDF()
  #8 /var/www/html/dokuwiki/inc/Extension/EventHandler.php(80): action_plugin_dw2pdf->convert()
  #9 /var/www/html/dokuwiki/inc/Extension/Event.php(75): dokuwiki\Extension\EventHandler->process_event()
  #10 /var/www/html/dokuwiki/inc/ActionRouter.php(83): dokuwiki\Extension\Event->advise_before()
  #11 /var/www/html/dokuwiki/inc/ActionRouter.php(49): dokuwiki\ActionRouter->setupAction()
  #12 /var/www/html/dokuwiki/inc/ActionRouter.php(62): dokuwiki\ActionRouter->__construct()
  #13 /var/www/html/dokuwiki/inc/actions.php(19): dokuwiki\ActionRouter::getInstance()
  #14 /var/www/html/dokuwiki/doku.php(131): act_dispatch()
  #15 {main}
2025-03-27 21:21:29	/var/www/html/dokuwiki/lib/plugins/dw2pdf/vendor/mpdf/mpdf/src/Mpdf.php(9082)	E_WARNING: unserialize(): Extra data starting at offset 112 of 115 bytes
  #0 [internal function]: dokuwiki\ErrorHandler::errorHandler()
  #1 /var/www/html/dokuwiki/lib/plugins/dw2pdf/vendor/mpdf/mpdf/src/Mpdf.php(9082): unserialize()
  #2 /var/www/html/dokuwiki/lib/plugins/dw2pdf/vendor/mpdf/mpdf/src/Mpdf.php(7835): Mpdf\Mpdf->_getObjAttr()
  #3 /var/www/html/dokuwiki/lib/plugins/dw2pdf/vendor/mpdf/mpdf/src/Mpdf.php(16413): Mpdf\Mpdf->WriteFlowingBlock()
  #4 /var/www/html/dokuwiki/lib/plugins/dw2pdf/vendor/mpdf/mpdf/src/Tag/BlockTag.php(1126): Mpdf\Mpdf->printbuffer()
  #5 /var/www/html/dokuwiki/lib/plugins/dw2pdf/vendor/mpdf/mpdf/src/Tag.php(247): Mpdf\Tag\BlockTag->close()
  #6 /var/www/html/dokuwiki/lib/plugins/dw2pdf/vendor/mpdf/mpdf/src/Mpdf.php(13718): Mpdf\Tag->CloseTag()
  #7 /var/www/html/dokuwiki/lib/plugins/dw2pdf/action.php(540): Mpdf\Mpdf->WriteHTML()
  #8 /var/www/html/dokuwiki/lib/plugins/dw2pdf/action.php(118): action_plugin_dw2pdf->generatePDF()
  #9 /var/www/html/dokuwiki/inc/Extension/EventHandler.php(80): action_plugin_dw2pdf->convert()
  #10 /var/www/html/dokuwiki/inc/Extension/Event.php(75): dokuwiki\Extension\EventHandler->process_event()
  #11 /var/www/html/dokuwiki/inc/ActionRouter.php(83): dokuwiki\Extension\Event->advise_before()
  #12 /var/www/html/dokuwiki/inc/ActionRouter.php(49): dokuwiki\ActionRouter->setupAction()
  #13 /var/www/html/dokuwiki/inc/ActionRouter.php(62): dokuwiki\ActionRouter->__construct()
  #14 /var/www/html/dokuwiki/inc/actions.php(19): dokuwiki\ActionRouter::getInstance()
  #15 /var/www/html/dokuwiki/doku.php(131): act_dispatch()
  #16 {main}
2025-03-27 21:21:30	/var/www/html/dokuwiki/lib/plugins/dw2pdf/vendor/mpdf/mpdf/src/Mpdf.php(9082)	E_WARNING: unserialize(): Extra data starting at offset 746 of 749 bytes
  #0 [internal function]: dokuwiki\ErrorHandler::errorHandler()
  #1 /var/www/html/dokuwiki/lib/plugins/dw2pdf/vendor/mpdf/mpdf/src/Mpdf.php(9082): unserialize()
  #2 /var/www/html/dokuwiki/lib/plugins/dw2pdf/vendor/mpdf/mpdf/src/Mpdf.php(16147): Mpdf\Mpdf->_getObjAttr()
  #3 /var/www/html/dokuwiki/lib/plugins/dw2pdf/vendor/mpdf/mpdf/src/Tag/BlockTag.php(1126): Mpdf\Mpdf->printbuffer()
  #4 /var/www/html/dokuwiki/lib/plugins/dw2pdf/vendor/mpdf/mpdf/src/Tag.php(247): Mpdf\Tag\BlockTag->close()
  #5 /var/www/html/dokuwiki/lib/plugins/dw2pdf/vendor/mpdf/mpdf/src/Mpdf.php(13718): Mpdf\Tag->CloseTag()
  #6 /var/www/html/dokuwiki/lib/plugins/dw2pdf/action.php(540): Mpdf\Mpdf->WriteHTML()
  #7 /var/www/html/dokuwiki/lib/plugins/dw2pdf/action.php(118): action_plugin_dw2pdf->generatePDF()
  #8 /var/www/html/dokuwiki/inc/Extension/EventHandler.php(80): action_plugin_dw2pdf->convert()
  #9 /var/www/html/dokuwiki/inc/Extension/Event.php(75): dokuwiki\Extension\EventHandler->process_event()
  #10 /var/www/html/dokuwiki/inc/ActionRouter.php(83): dokuwiki\Extension\Event->advise_before()
  #11 /var/www/html/dokuwiki/inc/ActionRouter.php(49): dokuwiki\ActionRouter->setupAction()
  #12 /var/www/html/dokuwiki/inc/ActionRouter.php(62): dokuwiki\ActionRouter->__construct()
  #13 /var/www/html/dokuwiki/inc/actions.php(19): dokuwiki\ActionRouter::getInstance()
  #14 /var/www/html/dokuwiki/doku.php(131): act_dispatch()
  #15 {main}
2025-03-27 21:21:30	/var/www/html/dokuwiki/lib/plugins/dw2pdf/vendor/mpdf/mpdf/src/Mpdf.php(9082)	E_WARNING: unserialize(): Extra data starting at offset 746 of 749 bytes
  #0 [internal function]: dokuwiki\ErrorHandler::errorHandler()
  #1 /var/www/html/dokuwiki/lib/plugins/dw2pdf/vendor/mpdf/mpdf/src/Mpdf.php(9082): unserialize()
  #2 /var/www/html/dokuwiki/lib/plugins/dw2pdf/vendor/mpdf/mpdf/src/Mpdf.php(7835): Mpdf\Mpdf->_getObjAttr()
  #3 /var/www/html/dokuwiki/lib/plugins/dw2pdf/vendor/mpdf/mpdf/src/Mpdf.php(16413): Mpdf\Mpdf->WriteFlowingBlock()
  #4 /var/www/html/dokuwiki/lib/plugins/dw2pdf/vendor/mpdf/mpdf/src/Tag/BlockTag.php(1126): Mpdf\Mpdf->printbuffer()
  #5 /var/www/html/dokuwiki/lib/plugins/dw2pdf/vendor/mpdf/mpdf/src/Tag.php(247): Mpdf\Tag\BlockTag->close()
  #6 /var/www/html/dokuwiki/lib/plugins/dw2pdf/vendor/mpdf/mpdf/src/Mpdf.php(13718): Mpdf\Tag->CloseTag()
  #7 /var/www/html/dokuwiki/lib/plugins/dw2pdf/action.php(540): Mpdf\Mpdf->WriteHTML()
  #8 /var/www/html/dokuwiki/lib/plugins/dw2pdf/action.php(118): action_plugin_dw2pdf->generatePDF()
  #9 /var/www/html/dokuwiki/inc/Extension/EventHandler.php(80): action_plugin_dw2pdf->convert()
  #10 /var/www/html/dokuwiki/inc/Extension/Event.php(75): dokuwiki\Extension\EventHandler->process_event()
  #11 /var/www/html/dokuwiki/inc/ActionRouter.php(83): dokuwiki\Extension\Event->advise_before()
  #12 /var/www/html/dokuwiki/inc/ActionRouter.php(49): dokuwiki\ActionRouter->setupAction()
  #13 /var/www/html/dokuwiki/inc/ActionRouter.php(62): dokuwiki\ActionRouter->__construct()
  #14 /var/www/html/dokuwiki/inc/actions.php(19): dokuwiki\ActionRouter::getInstance()
  #15 /var/www/html/dokuwiki/doku.php(131): act_dispatch()
  #16 {main}
2025-03-27 21:21:30	/var/www/html/dokuwiki/lib/plugins/dw2pdf/vendor/mpdf/mpdf/src/Mpdf.php(9082)	E_WARNING: unserialize(): Extra data starting at offset 306 of 309 bytes
  #0 [internal function]: dokuwiki\ErrorHandler::errorHandler()
  #1 /var/www/html/dokuwiki/lib/plugins/dw2pdf/vendor/mpdf/mpdf/src/Mpdf.php(9082): unserialize()
  #2 /var/www/html/dokuwiki/lib/plugins/dw2pdf/vendor/mpdf/mpdf/src/Mpdf.php(16147): Mpdf\Mpdf->_getObjAttr()
  #3 /var/www/html/dokuwiki/lib/plugins/dw2pdf/vendor/mpdf/mpdf/src/Tag/BlockTag.php(1126): Mpdf\Mpdf->printbuffer()
  #4 /var/www/html/dokuwiki/lib/plugins/dw2pdf/vendor/mpdf/mpdf/src/Tag.php(247): Mpdf\Tag\BlockTag->close()
  #5 /var/www/html/dokuwiki/lib/plugins/dw2pdf/vendor/mpdf/mpdf/src/Mpdf.php(13718): Mpdf\Tag->CloseTag()
  #6 /var/www/html/dokuwiki/lib/plugins/dw2pdf/action.php(540): Mpdf\Mpdf->WriteHTML()
  #7 /var/www/html/dokuwiki/lib/plugins/dw2pdf/action.php(118): action_plugin_dw2pdf->generatePDF()
  #8 /var/www/html/dokuwiki/inc/Extension/EventHandler.php(80): action_plugin_dw2pdf->convert()
  #9 /var/www/html/dokuwiki/inc/Extension/Event.php(75): dokuwiki\Extension\EventHandler->process_event()
  #10 /var/www/html/dokuwiki/inc/ActionRouter.php(83): dokuwiki\Extension\Event->advise_before()
  #11 /var/www/html/dokuwiki/inc/ActionRouter.php(49): dokuwiki\ActionRouter->setupAction()
  #12 /var/www/html/dokuwiki/inc/ActionRouter.php(62): dokuwiki\ActionRouter->__construct()
  #13 /var/www/html/dokuwiki/inc/actions.php(19): dokuwiki\ActionRouter::getInstance()
  #14 /var/www/html/dokuwiki/doku.php(131): act_dispatch()
  #15 {main}
2025-03-27 21:21:30	/var/www/html/dokuwiki/lib/plugins/dw2pdf/vendor/mpdf/mpdf/src/Mpdf.php(9082)	E_WARNING: unserialize(): Extra data starting at offset 306 of 309 bytes
  #0 [internal function]: dokuwiki\ErrorHandler::errorHandler()
  #1 /var/www/html/dokuwiki/lib/plugins/dw2pdf/vendor/mpdf/mpdf/src/Mpdf.php(9082): unserialize()
  #2 /var/www/html/dokuwiki/lib/plugins/dw2pdf/vendor/mpdf/mpdf/src/Mpdf.php(7835): Mpdf\Mpdf->_getObjAttr()
  #3 /var/www/html/dokuwiki/lib/plugins/dw2pdf/vendor/mpdf/mpdf/src/Mpdf.php(16413): Mpdf\Mpdf->WriteFlowingBlock()
  #4 /var/www/html/dokuwiki/lib/plugins/dw2pdf/vendor/mpdf/mpdf/src/Tag/BlockTag.php(1126): Mpdf\Mpdf->printbuffer()
  #5 /var/www/html/dokuwiki/lib/plugins/dw2pdf/vendor/mpdf/mpdf/src/Tag.php(247): Mpdf\Tag\BlockTag->close()
  #6 /var/www/html/dokuwiki/lib/plugins/dw2pdf/vendor/mpdf/mpdf/src/Mpdf.php(13718): Mpdf\Tag->CloseTag()
  #7 /var/www/html/dokuwiki/lib/plugins/dw2pdf/action.php(540): Mpdf\Mpdf->WriteHTML()
  #8 /var/www/html/dokuwiki/lib/plugins/dw2pdf/action.php(118): action_plugin_dw2pdf->generatePDF()
  #9 /var/www/html/dokuwiki/inc/Extension/EventHandler.php(80): action_plugin_dw2pdf->convert()
  #10 /var/www/html/dokuwiki/inc/Extension/Event.php(75): dokuwiki\Extension\EventHandler->process_event()
  #11 /var/www/html/dokuwiki/inc/ActionRouter.php(83): dokuwiki\Extension\Event->advise_before()
  #12 /var/www/html/dokuwiki/inc/ActionRouter.php(49): dokuwiki\ActionRouter->setupAction()
  #13 /var/www/html/dokuwiki/inc/ActionRouter.php(62): dokuwiki\ActionRouter->__construct()
  #14 /var/www/html/dokuwiki/inc/actions.php(19): dokuwiki\ActionRouter::getInstance()
  #15 /var/www/html/dokuwiki/doku.php(131): act_dispatch()
  #16 {main}
2025-03-27 21:21:30	/var/www/html/dokuwiki/lib/plugins/dw2pdf/vendor/mpdf/mpdf/src/Mpdf.php(9082)	E_WARNING: unserialize(): Extra data starting at offset 306 of 309 bytes
  #0 [internal function]: dokuwiki\ErrorHandler::errorHandler()
  #1 /var/www/html/dokuwiki/lib/plugins/dw2pdf/vendor/mpdf/mpdf/src/Mpdf.php(9082): unserialize()
  #2 /var/www/html/dokuwiki/lib/plugins/dw2pdf/vendor/mpdf/mpdf/src/Mpdf.php(16147): Mpdf\Mpdf->_getObjAttr()
  #3 /var/www/html/dokuwiki/lib/plugins/dw2pdf/vendor/mpdf/mpdf/src/Tag/BlockTag.php(1126): Mpdf\Mpdf->printbuffer()
  #4 /var/www/html/dokuwiki/lib/plugins/dw2pdf/vendor/mpdf/mpdf/src/Tag.php(247): Mpdf\Tag\BlockTag->close()
  #5 /var/www/html/dokuwiki/lib/plugins/dw2pdf/vendor/mpdf/mpdf/src/Mpdf.php(13718): Mpdf\Tag->CloseTag()
  #6 /var/www/html/dokuwiki/lib/plugins/dw2pdf/action.php(540): Mpdf\Mpdf->WriteHTML()
  #7 /var/www/html/dokuwiki/lib/plugins/dw2pdf/action.php(118): action_plugin_dw2pdf->generatePDF()
  #8 /var/www/html/dokuwiki/inc/Extension/EventHandler.php(80): action_plugin_dw2pdf->convert()
  #9 /var/www/html/dokuwiki/inc/Extension/Event.php(75): dokuwiki\Extension\EventHandler->process_event()
  #10 /var/www/html/dokuwiki/inc/ActionRouter.php(83): dokuwiki\Extension\Event->advise_before()
  #11 /var/www/html/dokuwiki/inc/ActionRouter.php(49): dokuwiki\ActionRouter->setupAction()
  #12 /var/www/html/dokuwiki/inc/ActionRouter.php(62): dokuwiki\ActionRouter->__construct()
  #13 /var/www/html/dokuwiki/inc/actions.php(19): dokuwiki\ActionRouter::getInstance()
  #14 /var/www/html/dokuwiki/doku.php(131): act_dispatch()
  #15 {main}
2025-03-27 21:21:30	/var/www/html/dokuwiki/lib/plugins/dw2pdf/vendor/mpdf/mpdf/src/Mpdf.php(9082)	E_WARNING: unserialize(): Extra data starting at offset 306 of 309 bytes
  #0 [internal function]: dokuwiki\ErrorHandler::errorHandler()
  #1 /var/www/html/dokuwiki/lib/plugins/dw2pdf/vendor/mpdf/mpdf/src/Mpdf.php(9082): unserialize()
  #2 /var/www/html/dokuwiki/lib/plugins/dw2pdf/vendor/mpdf/mpdf/src/Mpdf.php(7835): Mpdf\Mpdf->_getObjAttr()
  #3 /var/www/html/dokuwiki/lib/plugins/dw2pdf/vendor/mpdf/mpdf/src/Mpdf.php(16413): Mpdf\Mpdf->WriteFlowingBlock()
  #4 /var/www/html/dokuwiki/lib/plugins/dw2pdf/vendor/mpdf/mpdf/src/Tag/BlockTag.php(1126): Mpdf\Mpdf->printbuffer()
  #5 /var/www/html/dokuwiki/lib/plugins/dw2pdf/vendor/mpdf/mpdf/src/Tag.php(247): Mpdf\Tag\BlockTag->close()
  #6 /var/www/html/dokuwiki/lib/plugins/dw2pdf/vendor/mpdf/mpdf/src/Mpdf.php(13718): Mpdf\Tag->CloseTag()
  #7 /var/www/html/dokuwiki/lib/plugins/dw2pdf/action.php(540): Mpdf\Mpdf->WriteHTML()
  #8 /var/www/html/dokuwiki/lib/plugins/dw2pdf/action.php(118): action_plugin_dw2pdf->generatePDF()
  #9 /var/www/html/dokuwiki/inc/Extension/EventHandler.php(80): action_plugin_dw2pdf->convert()
  #10 /var/www/html/dokuwiki/inc/Extension/Event.php(75): dokuwiki\Extension\EventHandler->process_event()
  #11 /var/www/html/dokuwiki/inc/ActionRouter.php(83): dokuwiki\Extension\Event->advise_before()
  #12 /var/www/html/dokuwiki/inc/ActionRouter.php(49): dokuwiki\ActionRouter->setupAction()
  #13 /var/www/html/dokuwiki/inc/ActionRouter.php(62): dokuwiki\ActionRouter->__construct()
  #14 /var/www/html/dokuwiki/inc/actions.php(19): dokuwiki\ActionRouter::getInstance()
  #15 /var/www/html/dokuwiki/doku.php(131): act_dispatch()
  #16 {main}
2025-03-27 21:21:30	/var/www/html/dokuwiki/lib/plugins/dw2pdf/vendor/mpdf/mpdf/src/Mpdf.php(9082)	E_WARNING: unserialize(): Extra data starting at offset 306 of 309 bytes
  #0 [internal function]: dokuwiki\ErrorHandler::errorHandler()
  #1 /var/www/html/dokuwiki/lib/plugins/dw2pdf/vendor/mpdf/mpdf/src/Mpdf.php(9082): unserialize()
  #2 /var/www/html/dokuwiki/lib/plugins/dw2pdf/vendor/mpdf/mpdf/src/Mpdf.php(16147): Mpdf\Mpdf->_getObjAttr()
  #3 /var/www/html/dokuwiki/lib/plugins/dw2pdf/vendor/mpdf/mpdf/src/Tag/BlockTag.php(1126): Mpdf\Mpdf->printbuffer()
  #4 /var/www/html/dokuwiki/lib/plugins/dw2pdf/vendor/mpdf/mpdf/src/Tag.php(247): Mpdf\Tag\BlockTag->close()
  #5 /var/www/html/dokuwiki/lib/plugins/dw2pdf/vendor/mpdf/mpdf/src/Mpdf.php(13718): Mpdf\Tag->CloseTag()
  #6 /var/www/html/dokuwiki/lib/plugins/dw2pdf/action.php(540): Mpdf\Mpdf->WriteHTML()
  #7 /var/www/html/dokuwiki/lib/plugins/dw2pdf/action.php(118): action_plugin_dw2pdf->generatePDF()
  #8 /var/www/html/dokuwiki/inc/Extension/EventHandler.php(80): action_plugin_dw2pdf->convert()
  #9 /var/www/html/dokuwiki/inc/Extension/Event.php(75): dokuwiki\Extension\EventHandler->process_event()
  #10 /var/www/html/dokuwiki/inc/ActionRouter.php(83): dokuwiki\Extension\Event->advise_before()
  #11 /var/www/html/dokuwiki/inc/ActionRouter.php(49): dokuwiki\ActionRouter->setupAction()
  #12 /var/www/html/dokuwiki/inc/ActionRouter.php(62): dokuwiki\ActionRouter->__construct()
  #13 /var/www/html/dokuwiki/inc/actions.php(19): dokuwiki\ActionRouter::getInstance()
  #14 /var/www/html/dokuwiki/doku.php(131): act_dispatch()
  #15 {main}
2025-03-27 21:21:30	/var/www/html/dokuwiki/lib/plugins/dw2pdf/vendor/mpdf/mpdf/src/Mpdf.php(9082)	E_WARNING: unserialize(): Extra data starting at offset 306 of 309 bytes
  #0 [internal function]: dokuwiki\ErrorHandler::errorHandler()
  #1 /var/www/html/dokuwiki/lib/plugins/dw2pdf/vendor/mpdf/mpdf/src/Mpdf.php(9082): unserialize()
  #2 /var/www/html/dokuwiki/lib/plugins/dw2pdf/vendor/mpdf/mpdf/src/Mpdf.php(7835): Mpdf\Mpdf->_getObjAttr()
  #3 /var/www/html/dokuwiki/lib/plugins/dw2pdf/vendor/mpdf/mpdf/src/Mpdf.php(16413): Mpdf\Mpdf->WriteFlowingBlock()
  #4 /var/www/html/dokuwiki/lib/plugins/dw2pdf/vendor/mpdf/mpdf/src/Tag/BlockTag.php(1126): Mpdf\Mpdf->printbuffer()
  #5 /var/www/html/dokuwiki/lib/plugins/dw2pdf/vendor/mpdf/mpdf/src/Tag.php(247): Mpdf\Tag\BlockTag->close()
  #6 /var/www/html/dokuwiki/lib/plugins/dw2pdf/vendor/mpdf/mpdf/src/Mpdf.php(13718): Mpdf\Tag->CloseTag()
  #7 /var/www/html/dokuwiki/lib/plugins/dw2pdf/action.php(540): Mpdf\Mpdf->WriteHTML()
  #8 /var/www/html/dokuwiki/lib/plugins/dw2pdf/action.php(118): action_plugin_dw2pdf->generatePDF()
  #9 /var/www/html/dokuwiki/inc/Extension/EventHandler.php(80): action_plugin_dw2pdf->convert()
  #10 /var/www/html/dokuwiki/inc/Extension/Event.php(75): dokuwiki\Extension\EventHandler->process_event()
  #11 /var/www/html/dokuwiki/inc/ActionRouter.php(83): dokuwiki\Extension\Event->advise_before()
  #12 /var/www/html/dokuwiki/inc/ActionRouter.php(49): dokuwiki\ActionRouter->setupAction()
  #13 /var/www/html/dokuwiki/inc/ActionRouter.php(62): dokuwiki\ActionRouter->__construct()
  #14 /var/www/html/dokuwiki/inc/actions.php(19): dokuwiki\ActionRouter::getInstance()
  #15 /var/www/html/dokuwiki/doku.php(131): act_dispatch()
  #16 {main}
2025-03-27 21:21:30	/var/www/html/dokuwiki/lib/plugins/dw2pdf/vendor/mpdf/mpdf/src/Mpdf.php(9082)	E_WARNING: unserialize(): Extra data starting at offset 306 of 309 bytes
  #0 [internal function]: dokuwiki\ErrorHandler::errorHandler()
  #1 /var/www/html/dokuwiki/lib/plugins/dw2pdf/vendor/mpdf/mpdf/src/Mpdf.php(9082): unserialize()
  #2 /var/www/html/dokuwiki/lib/plugins/dw2pdf/vendor/mpdf/mpdf/src/Mpdf.php(16147): Mpdf\Mpdf->_getObjAttr()
  #3 /var/www/html/dokuwiki/lib/plugins/dw2pdf/vendor/mpdf/mpdf/src/Tag/BlockTag.php(1126): Mpdf\Mpdf->printbuffer()
  #4 /var/www/html/dokuwiki/lib/plugins/dw2pdf/vendor/mpdf/mpdf/src/Tag.php(247): Mpdf\Tag\BlockTag->close()
  #5 /var/www/html/dokuwiki/lib/plugins/dw2pdf/vendor/mpdf/mpdf/src/Mpdf.php(13718): Mpdf\Tag->CloseTag()
  #6 /var/www/html/dokuwiki/lib/plugins/dw2pdf/action.php(540): Mpdf\Mpdf->WriteHTML()
  #7 /var/www/html/dokuwiki/lib/plugins/dw2pdf/action.php(118): action_plugin_dw2pdf->generatePDF()
  #8 /var/www/html/dokuwiki/inc/Extension/EventHandler.php(80): action_plugin_dw2pdf->convert()
  #9 /var/www/html/dokuwiki/inc/Extension/Event.php(75): dokuwiki\Extension\EventHandler->process_event()
  #10 /var/www/html/dokuwiki/inc/ActionRouter.php(83): dokuwiki\Extension\Event->advise_before()
  #11 /var/www/html/dokuwiki/inc/ActionRouter.php(49): dokuwiki\ActionRouter->setupAction()
  #12 /var/www/html/dokuwiki/inc/ActionRouter.php(62): dokuwiki\ActionRouter->__construct()
  #13 /var/www/html/dokuwiki/inc/actions.php(19): dokuwiki\ActionRouter::getInstance()
  #14 /var/www/html/dokuwiki/doku.php(131): act_dispatch()
  #15 {main}
2025-03-27 21:21:30	/var/www/html/dokuwiki/lib/plugins/dw2pdf/vendor/mpdf/mpdf/src/Mpdf.php(9082)	E_WARNING: unserialize(): Extra data starting at offset 306 of 309 bytes
  #0 [internal function]: dokuwiki\ErrorHandler::errorHandler()
  #1 /var/www/html/dokuwiki/lib/plugins/dw2pdf/vendor/mpdf/mpdf/src/Mpdf.php(9082): unserialize()
  #2 /var/www/html/dokuwiki/lib/plugins/dw2pdf/vendor/mpdf/mpdf/src/Mpdf.php(7835): Mpdf\Mpdf->_getObjAttr()
  #3 /var/www/html/dokuwiki/lib/plugins/dw2pdf/vendor/mpdf/mpdf/src/Mpdf.php(16413): Mpdf\Mpdf->WriteFlowingBlock()
  #4 /var/www/html/dokuwiki/lib/plugins/dw2pdf/vendor/mpdf/mpdf/src/Tag/BlockTag.php(1126): Mpdf\Mpdf->printbuffer()
  #5 /var/www/html/dokuwiki/lib/plugins/dw2pdf/vendor/mpdf/mpdf/src/Tag.php(247): Mpdf\Tag\BlockTag->close()
  #6 /var/www/html/dokuwiki/lib/plugins/dw2pdf/vendor/mpdf/mpdf/src/Mpdf.php(13718): Mpdf\Tag->CloseTag()
  #7 /var/www/html/dokuwiki/lib/plugins/dw2pdf/action.php(540): Mpdf\Mpdf->WriteHTML()
  #8 /var/www/html/dokuwiki/lib/plugins/dw2pdf/action.php(118): action_plugin_dw2pdf->generatePDF()
  #9 /var/www/html/dokuwiki/inc/Extension/EventHandler.php(80): action_plugin_dw2pdf->convert()
  #10 /var/www/html/dokuwiki/inc/Extension/Event.php(75): dokuwiki\Extension\EventHandler->process_event()
  #11 /var/www/html/dokuwiki/inc/ActionRouter.php(83): dokuwiki\Extension\Event->advise_before()
  #12 /var/www/html/dokuwiki/inc/ActionRouter.php(49): dokuwiki\ActionRouter->setupAction()
  #13 /var/www/html/dokuwiki/inc/ActionRouter.php(62): dokuwiki\ActionRouter->__construct()
  #14 /var/www/html/dokuwiki/inc/actions.php(19): dokuwiki\ActionRouter::getInstance()
  #15 /var/www/html/dokuwiki/doku.php(131): act_dispatch()
  #16 {main}
2025-03-27 21:21:30	/var/www/html/dokuwiki/lib/plugins/dw2pdf/vendor/mpdf/mpdf/src/Mpdf.php(9082)	E_WARNING: unserialize(): Extra data starting at offset 103 of 106 bytes
  #0 [internal function]: dokuwiki\ErrorHandler::errorHandler()
  #1 /var/www/html/dokuwiki/lib/plugins/dw2pdf/vendor/mpdf/mpdf/src/Mpdf.php(9082): unserialize()
  #2 /var/www/html/dokuwiki/lib/plugins/dw2pdf/vendor/mpdf/mpdf/src/Mpdf.php(16147): Mpdf\Mpdf->_getObjAttr()
  #3 /var/www/html/dokuwiki/lib/plugins/dw2pdf/vendor/mpdf/mpdf/src/Tag/BlockTag.php(1126): Mpdf\Mpdf->printbuffer()
  #4 /var/www/html/dokuwiki/lib/plugins/dw2pdf/vendor/mpdf/mpdf/src/Tag.php(247): Mpdf\Tag\BlockTag->close()
  #5 /var/www/html/dokuwiki/lib/plugins/dw2pdf/vendor/mpdf/mpdf/src/Mpdf.php(13718): Mpdf\Tag->CloseTag()
  #6 /var/www/html/dokuwiki/lib/plugins/dw2pdf/action.php(540): Mpdf\Mpdf->WriteHTML()
  #7 /var/www/html/dokuwiki/lib/plugins/dw2pdf/action.php(118): action_plugin_dw2pdf->generatePDF()
  #8 /var/www/html/dokuwiki/inc/Extension/EventHandler.php(80): action_plugin_dw2pdf->convert()
  #9 /var/www/html/dokuwiki/inc/Extension/Event.php(75): dokuwiki\Extension\EventHandler->process_event()
  #10 /var/www/html/dokuwiki/inc/ActionRouter.php(83): dokuwiki\Extension\Event->advise_before()
  #11 /var/www/html/dokuwiki/inc/ActionRouter.php(49): dokuwiki\ActionRouter->setupAction()
  #12 /var/www/html/dokuwiki/inc/ActionRouter.php(62): dokuwiki\ActionRouter->__construct()
  #13 /var/www/html/dokuwiki/inc/actions.php(19): dokuwiki\ActionRouter::getInstance()
  #14 /var/www/html/dokuwiki/doku.php(131): act_dispatch()
  #15 {main}
2025-03-27 21:21:30	/var/www/html/dokuwiki/lib/plugins/dw2pdf/vendor/mpdf/mpdf/src/Mpdf.php(9082)	E_WARNING: unserialize(): Extra data starting at offset 103 of 106 bytes
  #0 [internal function]: dokuwiki\ErrorHandler::errorHandler()
  #1 /var/www/html/dokuwiki/lib/plugins/dw2pdf/vendor/mpdf/mpdf/src/Mpdf.php(9082): unserialize()
  #2 /var/www/html/dokuwiki/lib/plugins/dw2pdf/vendor/mpdf/mpdf/src/Mpdf.php(7835): Mpdf\Mpdf->_getObjAttr()
  #3 /var/www/html/dokuwiki/lib/plugins/dw2pdf/vendor/mpdf/mpdf/src/Mpdf.php(16413): Mpdf\Mpdf->WriteFlowingBlock()
  #4 /var/www/html/dokuwiki/lib/plugins/dw2pdf/vendor/mpdf/mpdf/src/Tag/BlockTag.php(1126): Mpdf\Mpdf->printbuffer()
  #5 /var/www/html/dokuwiki/lib/plugins/dw2pdf/vendor/mpdf/mpdf/src/Tag.php(247): Mpdf\Tag\BlockTag->close()
  #6 /var/www/html/dokuwiki/lib/plugins/dw2pdf/vendor/mpdf/mpdf/src/Mpdf.php(13718): Mpdf\Tag->CloseTag()
  #7 /var/www/html/dokuwiki/lib/plugins/dw2pdf/action.php(540): Mpdf\Mpdf->WriteHTML()
  #8 /var/www/html/dokuwiki/lib/plugins/dw2pdf/action.php(118): action_plugin_dw2pdf->generatePDF()
  #9 /var/www/html/dokuwiki/inc/Extension/EventHandler.php(80): action_plugin_dw2pdf->convert()
  #10 /var/www/html/dokuwiki/inc/Extension/Event.php(75): dokuwiki\Extension\EventHandler->process_event()
  #11 /var/www/html/dokuwiki/inc/ActionRouter.php(83): dokuwiki\Extension\Event->advise_before()
  #12 /var/www/html/dokuwiki/inc/ActionRouter.php(49): dokuwiki\ActionRouter->setupAction()
  #13 /var/www/html/dokuwiki/inc/ActionRouter.php(62): dokuwiki\ActionRouter->__construct()
  #14 /var/www/html/dokuwiki/inc/actions.php(19): dokuwiki\ActionRouter::getInstance()
  #15 /var/www/html/dokuwiki/doku.php(131): act_dispatch()
  #16 {main}
2025-03-27 21:21:30	/var/www/html/dokuwiki/lib/plugins/dw2pdf/vendor/mpdf/mpdf/src/Mpdf.php(9082)	E_WARNING: unserialize(): Extra data starting at offset 765 of 768 bytes
  #0 [internal function]: dokuwiki\ErrorHandler::errorHandler()
  #1 /var/www/html/dokuwiki/lib/plugins/dw2pdf/vendor/mpdf/mpdf/src/Mpdf.php(9082): unserialize()
  #2 /var/www/html/dokuwiki/lib/plugins/dw2pdf/vendor/mpdf/mpdf/src/Mpdf.php(16147): Mpdf\Mpdf->_getObjAttr()
  #3 /var/www/html/dokuwiki/lib/plugins/dw2pdf/vendor/mpdf/mpdf/src/Tag/BlockTag.php(1126): Mpdf\Mpdf->printbuffer()
  #4 /var/www/html/dokuwiki/lib/plugins/dw2pdf/vendor/mpdf/mpdf/src/Tag.php(247): Mpdf\Tag\BlockTag->close()
  #5 /var/www/html/dokuwiki/lib/plugins/dw2pdf/vendor/mpdf/mpdf/src/Mpdf.php(13718): Mpdf\Tag->CloseTag()
  #6 /var/www/html/dokuwiki/lib/plugins/dw2pdf/action.php(540): Mpdf\Mpdf->WriteHTML()
  #7 /var/www/html/dokuwiki/lib/plugins/dw2pdf/action.php(118): action_plugin_dw2pdf->generatePDF()
  #8 /var/www/html/dokuwiki/inc/Extension/EventHandler.php(80): action_plugin_dw2pdf->convert()
  #9 /var/www/html/dokuwiki/inc/Extension/Event.php(75): dokuwiki\Extension\EventHandler->process_event()
  #10 /var/www/html/dokuwiki/inc/ActionRouter.php(83): dokuwiki\Extension\Event->advise_before()
  #11 /var/www/html/dokuwiki/inc/ActionRouter.php(49): dokuwiki\ActionRouter->setupAction()
  #12 /var/www/html/dokuwiki/inc/ActionRouter.php(62): dokuwiki\ActionRouter->__construct()
  #13 /var/www/html/dokuwiki/inc/actions.php(19): dokuwiki\ActionRouter::getInstance()
  #14 /var/www/html/dokuwiki/doku.php(131): act_dispatch()
  #15 {main}
2025-03-27 21:21:30	/var/www/html/dokuwiki/lib/plugins/dw2pdf/vendor/mpdf/mpdf/src/Mpdf.php(9082)	E_WARNING: unserialize(): Extra data starting at offset 765 of 768 bytes
  #0 [internal function]: dokuwiki\ErrorHandler::errorHandler()
  #1 /var/www/html/dokuwiki/lib/plugins/dw2pdf/vendor/mpdf/mpdf/src/Mpdf.php(9082): unserialize()
  #2 /var/www/html/dokuwiki/lib/plugins/dw2pdf/vendor/mpdf/mpdf/src/Mpdf.php(7835): Mpdf\Mpdf->_getObjAttr()
  #3 /var/www/html/dokuwiki/lib/plugins/dw2pdf/vendor/mpdf/mpdf/src/Mpdf.php(16413): Mpdf\Mpdf->WriteFlowingBlock()
  #4 /var/www/html/dokuwiki/lib/plugins/dw2pdf/vendor/mpdf/mpdf/src/Tag/BlockTag.php(1126): Mpdf\Mpdf->printbuffer()
  #5 /var/www/html/dokuwiki/lib/plugins/dw2pdf/vendor/mpdf/mpdf/src/Tag.php(247): Mpdf\Tag\BlockTag->close()
  #6 /var/www/html/dokuwiki/lib/plugins/dw2pdf/vendor/mpdf/mpdf/src/Mpdf.php(13718): Mpdf\Tag->CloseTag()
  #7 /var/www/html/dokuwiki/lib/plugins/dw2pdf/action.php(540): Mpdf\Mpdf->WriteHTML()
  #8 /var/www/html/dokuwiki/lib/plugins/dw2pdf/action.php(118): action_plugin_dw2pdf->generatePDF()
  #9 /var/www/html/dokuwiki/inc/Extension/EventHandler.php(80): action_plugin_dw2pdf->convert()
  #10 /var/www/html/dokuwiki/inc/Extension/Event.php(75): dokuwiki\Extension\EventHandler->process_event()
  #11 /var/www/html/dokuwiki/inc/ActionRouter.php(83): dokuwiki\Extension\Event->advise_before()
  #12 /var/www/html/dokuwiki/inc/ActionRouter.php(49): dokuwiki\ActionRouter->setupAction()
  #13 /var/www/html/dokuwiki/inc/ActionRouter.php(62): dokuwiki\ActionRouter->__construct()
  #14 /var/www/html/dokuwiki/inc/actions.php(19): dokuwiki\ActionRouter::getInstance()
  #15 /var/www/html/dokuwiki/doku.php(131): act_dispatch()
  #16 {main}
2025-03-27 21:21:30	/var/www/html/dokuwiki/lib/plugins/dw2pdf/vendor/mpdf/mpdf/src/Mpdf.php(9082)	E_WARNING: unserialize(): Extra data starting at offset 91 of 94 bytes
  #0 [internal function]: dokuwiki\ErrorHandler::errorHandler()
  #1 /var/www/html/dokuwiki/lib/plugins/dw2pdf/vendor/mpdf/mpdf/src/Mpdf.php(9082): unserialize()
  #2 /var/www/html/dokuwiki/lib/plugins/dw2pdf/vendor/mpdf/mpdf/src/Mpdf.php(16147): Mpdf\Mpdf->_getObjAttr()
  #3 /var/www/html/dokuwiki/lib/plugins/dw2pdf/vendor/mpdf/mpdf/src/Tag/BlockTag.php(1126): Mpdf\Mpdf->printbuffer()
  #4 /var/www/html/dokuwiki/lib/plugins/dw2pdf/vendor/mpdf/mpdf/src/Tag.php(247): Mpdf\Tag\BlockTag->close()
  #5 /var/www/html/dokuwiki/lib/plugins/dw2pdf/vendor/mpdf/mpdf/src/Mpdf.php(13718): Mpdf\Tag->CloseTag()
  #6 /var/www/html/dokuwiki/lib/plugins/dw2pdf/action.php(540): Mpdf\Mpdf->WriteHTML()
  #7 /var/www/html/dokuwiki/lib/plugins/dw2pdf/action.php(118): action_plugin_dw2pdf->generatePDF()
  #8 /var/www/html/dokuwiki/inc/Extension/EventHandler.php(80): action_plugin_dw2pdf->convert()
  #9 /var/www/html/dokuwiki/inc/Extension/Event.php(75): dokuwiki\Extension\EventHandler->process_event()
  #10 /var/www/html/dokuwiki/inc/ActionRouter.php(83): dokuwiki\Extension\Event->advise_before()
  #11 /var/www/html/dokuwiki/inc/ActionRouter.php(49): dokuwiki\ActionRouter->setupAction()
  #12 /var/www/html/dokuwiki/inc/ActionRouter.php(62): dokuwiki\ActionRouter->__construct()
  #13 /var/www/html/dokuwiki/inc/actions.php(19): dokuwiki\ActionRouter::getInstance()
  #14 /var/www/html/dokuwiki/doku.php(131): act_dispatch()
  #15 {main}
2025-03-27 21:21:30	/var/www/html/dokuwiki/lib/plugins/dw2pdf/vendor/mpdf/mpdf/src/Mpdf.php(9082)	E_WARNING: unserialize(): Extra data starting at offset 91 of 94 bytes
  #0 [internal function]: dokuwiki\ErrorHandler::errorHandler()
  #1 /var/www/html/dokuwiki/lib/plugins/dw2pdf/vendor/mpdf/mpdf/src/Mpdf.php(9082): unserialize()
  #2 /var/www/html/dokuwiki/lib/plugins/dw2pdf/vendor/mpdf/mpdf/src/Mpdf.php(7835): Mpdf\Mpdf->_getObjAttr()
  #3 /var/www/html/dokuwiki/lib/plugins/dw2pdf/vendor/mpdf/mpdf/src/Mpdf.php(16413): Mpdf\Mpdf->WriteFlowingBlock()
  #4 /var/www/html/dokuwiki/lib/plugins/dw2pdf/vendor/mpdf/mpdf/src/Tag/BlockTag.php(1126): Mpdf\Mpdf->printbuffer()
  #5 /var/www/html/dokuwiki/lib/plugins/dw2pdf/vendor/mpdf/mpdf/src/Tag.php(247): Mpdf\Tag\BlockTag->close()
  #6 /var/www/html/dokuwiki/lib/plugins/dw2pdf/vendor/mpdf/mpdf/src/Mpdf.php(13718): Mpdf\Tag->CloseTag()
  #7 /var/www/html/dokuwiki/lib/plugins/dw2pdf/action.php(540): Mpdf\Mpdf->WriteHTML()
  #8 /var/www/html/dokuwiki/lib/plugins/dw2pdf/action.php(118): action_plugin_dw2pdf->generatePDF()
  #9 /var/www/html/dokuwiki/inc/Extension/EventHandler.php(80): action_plugin_dw2pdf->convert()
  #10 /var/www/html/dokuwiki/inc/Extension/Event.php(75): dokuwiki\Extension\EventHandler->process_event()
  #11 /var/www/html/dokuwiki/inc/ActionRouter.php(83): dokuwiki\Extension\Event->advise_before()
  #12 /var/www/html/dokuwiki/inc/ActionRouter.php(49): dokuwiki\ActionRouter->setupAction()
  #13 /var/www/html/dokuwiki/inc/ActionRouter.php(62): dokuwiki\ActionRouter->__construct()
  #14 /var/www/html/dokuwiki/inc/actions.php(19): dokuwiki\ActionRouter::getInstance()
  #15 /var/www/html/dokuwiki/doku.php(131): act_dispatch()
  #16 {main}
2025-03-27 21:21:30	/var/www/html/dokuwiki/lib/plugins/dw2pdf/vendor/mpdf/mpdf/src/Mpdf.php(9082)	E_WARNING: unserialize(): Extra data starting at offset 420 of 423 bytes
  #0 [internal function]: dokuwiki\ErrorHandler::errorHandler()
  #1 /var/www/html/dokuwiki/lib/plugins/dw2pdf/vendor/mpdf/mpdf/src/Mpdf.php(9082): unserialize()
  #2 /var/www/html/dokuwiki/lib/plugins/dw2pdf/vendor/mpdf/mpdf/src/Mpdf.php(16147): Mpdf\Mpdf->_getObjAttr()
  #3 /var/www/html/dokuwiki/lib/plugins/dw2pdf/vendor/mpdf/mpdf/src/Tag/BlockTag.php(1126): Mpdf\Mpdf->printbuffer()
  #4 /var/www/html/dokuwiki/lib/plugins/dw2pdf/vendor/mpdf/mpdf/src/Tag.php(247): Mpdf\Tag\BlockTag->close()
  #5 /var/www/html/dokuwiki/lib/plugins/dw2pdf/vendor/mpdf/mpdf/src/Mpdf.php(13718): Mpdf\Tag->CloseTag()
  #6 /var/www/html/dokuwiki/lib/plugins/dw2pdf/action.php(540): Mpdf\Mpdf->WriteHTML()
  #7 /var/www/html/dokuwiki/lib/plugins/dw2pdf/action.php(118): action_plugin_dw2pdf->generatePDF()
  #8 /var/www/html/dokuwiki/inc/Extension/EventHandler.php(80): action_plugin_dw2pdf->convert()
  #9 /var/www/html/dokuwiki/inc/Extension/Event.php(75): dokuwiki\Extension\EventHandler->process_event()
  #10 /var/www/html/dokuwiki/inc/ActionRouter.php(83): dokuwiki\Extension\Event->advise_before()
  #11 /var/www/html/dokuwiki/inc/ActionRouter.php(49): dokuwiki\ActionRouter->setupAction()
  #12 /var/www/html/dokuwiki/inc/ActionRouter.php(62): dokuwiki\ActionRouter->__construct()
  #13 /var/www/html/dokuwiki/inc/actions.php(19): dokuwiki\ActionRouter::getInstance()
  #14 /var/www/html/dokuwiki/doku.php(131): act_dispatch()
  #15 {main}
2025-03-27 21:21:30	/var/www/html/dokuwiki/lib/plugins/dw2pdf/vendor/mpdf/mpdf/src/Mpdf.php(9082)	E_WARNING: unserialize(): Extra data starting at offset 420 of 423 bytes
  #0 [internal function]: dokuwiki\ErrorHandler::errorHandler()
  #1 /var/www/html/dokuwiki/lib/plugins/dw2pdf/vendor/mpdf/mpdf/src/Mpdf.php(9082): unserialize()
  #2 /var/www/html/dokuwiki/lib/plugins/dw2pdf/vendor/mpdf/mpdf/src/Mpdf.php(7835): Mpdf\Mpdf->_getObjAttr()
  #3 /var/www/html/dokuwiki/lib/plugins/dw2pdf/vendor/mpdf/mpdf/src/Mpdf.php(16413): Mpdf\Mpdf->WriteFlowingBlock()
  #4 /var/www/html/dokuwiki/lib/plugins/dw2pdf/vendor/mpdf/mpdf/src/Tag/BlockTag.php(1126): Mpdf\Mpdf->printbuffer()
  #5 /var/www/html/dokuwiki/lib/plugins/dw2pdf/vendor/mpdf/mpdf/src/Tag.php(247): Mpdf\Tag\BlockTag->close()
  #6 /var/www/html/dokuwiki/lib/plugins/dw2pdf/vendor/mpdf/mpdf/src/Mpdf.php(13718): Mpdf\Tag->CloseTag()
  #7 /var/www/html/dokuwiki/lib/plugins/dw2pdf/action.php(540): Mpdf\Mpdf->WriteHTML()
  #8 /var/www/html/dokuwiki/lib/plugins/dw2pdf/action.php(118): action_plugin_dw2pdf->generatePDF()
  #9 /var/www/html/dokuwiki/inc/Extension/EventHandler.php(80): action_plugin_dw2pdf->convert()
  #10 /var/www/html/dokuwiki/inc/Extension/Event.php(75): dokuwiki\Extension\EventHandler->process_event()
  #11 /var/www/html/dokuwiki/inc/ActionRouter.php(83): dokuwiki\Extension\Event->advise_before()
  #12 /var/www/html/dokuwiki/inc/ActionRouter.php(49): dokuwiki\ActionRouter->setupAction()
  #13 /var/www/html/dokuwiki/inc/ActionRouter.php(62): dokuwiki\ActionRouter->__construct()
  #14 /var/www/html/dokuwiki/inc/actions.php(19): dokuwiki\ActionRouter::getInstance()
  #15 /var/www/html/dokuwiki/doku.php(131): act_dispatch()
  #16 {main}
2025-03-27 21:21:30	/var/www/html/dokuwiki/lib/plugins/dw2pdf/vendor/mpdf/mpdf/src/Mpdf.php(9082)	E_WARNING: unserialize(): Extra data starting at offset 420 of 423 bytes
  #0 [internal function]: dokuwiki\ErrorHandler::errorHandler()
  #1 /var/www/html/dokuwiki/lib/plugins/dw2pdf/vendor/mpdf/mpdf/src/Mpdf.php(9082): unserialize()
  #2 /var/www/html/dokuwiki/lib/plugins/dw2pdf/vendor/mpdf/mpdf/src/Mpdf.php(16147): Mpdf\Mpdf->_getObjAttr()
  #3 /var/www/html/dokuwiki/lib/plugins/dw2pdf/vendor/mpdf/mpdf/src/Tag/BlockTag.php(1126): Mpdf\Mpdf->printbuffer()
  #4 /var/www/html/dokuwiki/lib/plugins/dw2pdf/vendor/mpdf/mpdf/src/Tag.php(247): Mpdf\Tag\BlockTag->close()
  #5 /var/www/html/dokuwiki/lib/plugins/dw2pdf/vendor/mpdf/mpdf/src/Mpdf.php(13718): Mpdf\Tag->CloseTag()
  #6 /var/www/html/dokuwiki/lib/plugins/dw2pdf/action.php(540): Mpdf\Mpdf->WriteHTML()
  #7 /var/www/html/dokuwiki/lib/plugins/dw2pdf/action.php(118): action_plugin_dw2pdf->generatePDF()
  #8 /var/www/html/dokuwiki/inc/Extension/EventHandler.php(80): action_plugin_dw2pdf->convert()
  #9 /var/www/html/dokuwiki/inc/Extension/Event.php(75): dokuwiki\Extension\EventHandler->process_event()
  #10 /var/www/html/dokuwiki/inc/ActionRouter.php(83): dokuwiki\Extension\Event->advise_before()
  #11 /var/www/html/dokuwiki/inc/ActionRouter.php(49): dokuwiki\ActionRouter->setupAction()
  #12 /var/www/html/dokuwiki/inc/ActionRouter.php(62): dokuwiki\ActionRouter->__construct()
  #13 /var/www/html/dokuwiki/inc/actions.php(19): dokuwiki\ActionRouter::getInstance()
  #14 /var/www/html/dokuwiki/doku.php(131): act_dispatch()
  #15 {main}
2025-03-27 21:21:30	/var/www/html/dokuwiki/lib/plugins/dw2pdf/vendor/mpdf/mpdf/src/Mpdf.php(9082)	E_WARNING: unserialize(): Extra data starting at offset 420 of 423 bytes
  #0 [internal function]: dokuwiki\ErrorHandler::errorHandler()
  #1 /var/www/html/dokuwiki/lib/plugins/dw2pdf/vendor/mpdf/mpdf/src/Mpdf.php(9082): unserialize()
  #2 /var/www/html/dokuwiki/lib/plugins/dw2pdf/vendor/mpdf/mpdf/src/Mpdf.php(7835): Mpdf\Mpdf->_getObjAttr()
  #3 /var/www/html/dokuwiki/lib/plugins/dw2pdf/vendor/mpdf/mpdf/src/Mpdf.php(16413): Mpdf\Mpdf->WriteFlowingBlock()
  #4 /var/www/html/dokuwiki/lib/plugins/dw2pdf/vendor/mpdf/mpdf/src/Tag/BlockTag.php(1126): Mpdf\Mpdf->printbuffer()
  #5 /var/www/html/dokuwiki/lib/plugins/dw2pdf/vendor/mpdf/mpdf/src/Tag.php(247): Mpdf\Tag\BlockTag->close()
  #6 /var/www/html/dokuwiki/lib/plugins/dw2pdf/vendor/mpdf/mpdf/src/Mpdf.php(13718): Mpdf\Tag->CloseTag()
  #7 /var/www/html/dokuwiki/lib/plugins/dw2pdf/action.php(540): Mpdf\Mpdf->WriteHTML()
  #8 /var/www/html/dokuwiki/lib/plugins/dw2pdf/action.php(118): action_plugin_dw2pdf->generatePDF()
  #9 /var/www/html/dokuwiki/inc/Extension/EventHandler.php(80): action_plugin_dw2pdf->convert()
  #10 /var/www/html/dokuwiki/inc/Extension/Event.php(75): dokuwiki\Extension\EventHandler->process_event()
  #11 /var/www/html/dokuwiki/inc/ActionRouter.php(83): dokuwiki\Extension\Event->advise_before()
  #12 /var/www/html/dokuwiki/inc/ActionRouter.php(49): dokuwiki\ActionRouter->setupAction()
  #13 /var/www/html/dokuwiki/inc/ActionRouter.php(62): dokuwiki\ActionRouter->__construct()
  #14 /var/www/html/dokuwiki/inc/actions.php(19): dokuwiki\ActionRouter::getInstance()
  #15 /var/www/html/dokuwiki/doku.php(131): act_dispatch()
  #16 {main}
2025-03-27 21:21:30	/var/www/html/dokuwiki/lib/plugins/dw2pdf/vendor/mpdf/mpdf/src/Mpdf.php(9082)	E_WARNING: unserialize(): Extra data starting at offset 420 of 423 bytes
  #0 [internal function]: dokuwiki\ErrorHandler::errorHandler()
  #1 /var/www/html/dokuwiki/lib/plugins/dw2pdf/vendor/mpdf/mpdf/src/Mpdf.php(9082): unserialize()
  #2 /var/www/html/dokuwiki/lib/plugins/dw2pdf/vendor/mpdf/mpdf/src/Mpdf.php(16147): Mpdf\Mpdf->_getObjAttr()
  #3 /var/www/html/dokuwiki/lib/plugins/dw2pdf/vendor/mpdf/mpdf/src/Tag/BlockTag.php(1126): Mpdf\Mpdf->printbuffer()
  #4 /var/www/html/dokuwiki/lib/plugins/dw2pdf/vendor/mpdf/mpdf/src/Tag.php(247): Mpdf\Tag\BlockTag->close()
  #5 /var/www/html/dokuwiki/lib/plugins/dw2pdf/vendor/mpdf/mpdf/src/Mpdf.php(13718): Mpdf\Tag->CloseTag()
  #6 /var/www/html/dokuwiki/lib/plugins/dw2pdf/action.php(540): Mpdf\Mpdf->WriteHTML()
  #7 /var/www/html/dokuwiki/lib/plugins/dw2pdf/action.php(118): action_plugin_dw2pdf->generatePDF()
  #8 /var/www/html/dokuwiki/inc/Extension/EventHandler.php(80): action_plugin_dw2pdf->convert()
  #9 /var/www/html/dokuwiki/inc/Extension/Event.php(75): dokuwiki\Extension\EventHandler->process_event()
  #10 /var/www/html/dokuwiki/inc/ActionRouter.php(83): dokuwiki\Extension\Event->advise_before()
  #11 /var/www/html/dokuwiki/inc/ActionRouter.php(49): dokuwiki\ActionRouter->setupAction()
  #12 /var/www/html/dokuwiki/inc/ActionRouter.php(62): dokuwiki\ActionRouter->__construct()
  #13 /var/www/html/dokuwiki/inc/actions.php(19): dokuwiki\ActionRouter::getInstance()
  #14 /var/www/html/dokuwiki/doku.php(131): act_dispatch()
  #15 {main}
2025-03-27 21:21:30	/var/www/html/dokuwiki/lib/plugins/dw2pdf/vendor/mpdf/mpdf/src/Mpdf.php(9082)	E_WARNING: unserialize(): Extra data starting at offset 420 of 423 bytes
  #0 [internal function]: dokuwiki\ErrorHandler::errorHandler()
  #1 /var/www/html/dokuwiki/lib/plugins/dw2pdf/vendor/mpdf/mpdf/src/Mpdf.php(9082): unserialize()
  #2 /var/www/html/dokuwiki/lib/plugins/dw2pdf/vendor/mpdf/mpdf/src/Mpdf.php(7835): Mpdf\Mpdf->_getObjAttr()
  #3 /var/www/html/dokuwiki/lib/plugins/dw2pdf/vendor/mpdf/mpdf/src/Mpdf.php(16413): Mpdf\Mpdf->WriteFlowingBlock()
  #4 /var/www/html/dokuwiki/lib/plugins/dw2pdf/vendor/mpdf/mpdf/src/Tag/BlockTag.php(1126): Mpdf\Mpdf->printbuffer()
  #5 /var/www/html/dokuwiki/lib/plugins/dw2pdf/vendor/mpdf/mpdf/src/Tag.php(247): Mpdf\Tag\BlockTag->close()
  #6 /var/www/html/dokuwiki/lib/plugins/dw2pdf/vendor/mpdf/mpdf/src/Mpdf.php(13718): Mpdf\Tag->CloseTag()
  #7 /var/www/html/dokuwiki/lib/plugins/dw2pdf/action.php(540): Mpdf\Mpdf->WriteHTML()
  #8 /var/www/html/dokuwiki/lib/plugins/dw2pdf/action.php(118): action_plugin_dw2pdf->generatePDF()
  #9 /var/www/html/dokuwiki/inc/Extension/EventHandler.php(80): action_plugin_dw2pdf->convert()
  #10 /var/www/html/dokuwiki/inc/Extension/Event.php(75): dokuwiki\Extension\EventHandler->process_event()
  #11 /var/www/html/dokuwiki/inc/ActionRouter.php(83): dokuwiki\Extension\Event->advise_before()
  #12 /var/www/html/dokuwiki/inc/ActionRouter.php(49): dokuwiki\ActionRouter->setupAction()
  #13 /var/www/html/dokuwiki/inc/ActionRouter.php(62): dokuwiki\ActionRouter->__construct()
  #14 /var/www/html/dokuwiki/inc/actions.php(19): dokuwiki\ActionRouter::getInstance()
  #15 /var/www/html/dokuwiki/doku.php(131): act_dispatch()
  #16 {main}
2025-03-27 21:21:30	/var/www/html/dokuwiki/lib/plugins/dw2pdf/vendor/mpdf/mpdf/src/Mpdf.php(9082)	E_WARNING: unserialize(): Extra data starting at offset 89 of 92 bytes
  #0 [internal function]: dokuwiki\ErrorHandler::errorHandler()
  #1 /var/www/html/dokuwiki/lib/plugins/dw2pdf/vendor/mpdf/mpdf/src/Mpdf.php(9082): unserialize()
  #2 /var/www/html/dokuwiki/lib/plugins/dw2pdf/vendor/mpdf/mpdf/src/Mpdf.php(16147): Mpdf\Mpdf->_getObjAttr()
  #3 /var/www/html/dokuwiki/lib/plugins/dw2pdf/vendor/mpdf/mpdf/src/Tag/BlockTag.php(1126): Mpdf\Mpdf->printbuffer()
  #4 /var/www/html/dokuwiki/lib/plugins/dw2pdf/vendor/mpdf/mpdf/src/Tag.php(247): Mpdf\Tag\BlockTag->close()
  #5 /var/www/html/dokuwiki/lib/plugins/dw2pdf/vendor/mpdf/mpdf/src/Mpdf.php(13718): Mpdf\Tag->CloseTag()
  #6 /var/www/html/dokuwiki/lib/plugins/dw2pdf/action.php(540): Mpdf\Mpdf->WriteHTML()
  #7 /var/www/html/dokuwiki/lib/plugins/dw2pdf/action.php(118): action_plugin_dw2pdf->generatePDF()
  #8 /var/www/html/dokuwiki/inc/Extension/EventHandler.php(80): action_plugin_dw2pdf->convert()
  #9 /var/www/html/dokuwiki/inc/Extension/Event.php(75): dokuwiki\Extension\EventHandler->process_event()
  #10 /var/www/html/dokuwiki/inc/ActionRouter.php(83): dokuwiki\Extension\Event->advise_before()
  #11 /var/www/html/dokuwiki/inc/ActionRouter.php(49): dokuwiki\ActionRouter->setupAction()
  #12 /var/www/html/dokuwiki/inc/ActionRouter.php(62): dokuwiki\ActionRouter->__construct()
  #13 /var/www/html/dokuwiki/inc/actions.php(19): dokuwiki\ActionRouter::getInstance()
  #14 /var/www/html/dokuwiki/doku.php(131): act_dispatch()
  #15 {main}
2025-03-27 21:21:30	/var/www/html/dokuwiki/lib/plugins/dw2pdf/vendor/mpdf/mpdf/src/Mpdf.php(9082)	E_WARNING: unserialize(): Extra data starting at offset 89 of 92 bytes
  #0 [internal function]: dokuwiki\ErrorHandler::errorHandler()
  #1 /var/www/html/dokuwiki/lib/plugins/dw2pdf/vendor/mpdf/mpdf/src/Mpdf.php(9082): unserialize()
  #2 /var/www/html/dokuwiki/lib/plugins/dw2pdf/vendor/mpdf/mpdf/src/Mpdf.php(7835): Mpdf\Mpdf->_getObjAttr()
  #3 /var/www/html/dokuwiki/lib/plugins/dw2pdf/vendor/mpdf/mpdf/src/Mpdf.php(16413): Mpdf\Mpdf->WriteFlowingBlock()
  #4 /var/www/html/dokuwiki/lib/plugins/dw2pdf/vendor/mpdf/mpdf/src/Tag/BlockTag.php(1126): Mpdf\Mpdf->printbuffer()
  #5 /var/www/html/dokuwiki/lib/plugins/dw2pdf/vendor/mpdf/mpdf/src/Tag.php(247): Mpdf\Tag\BlockTag->close()
  #6 /var/www/html/dokuwiki/lib/plugins/dw2pdf/vendor/mpdf/mpdf/src/Mpdf.php(13718): Mpdf\Tag->CloseTag()
  #7 /var/www/html/dokuwiki/lib/plugins/dw2pdf/action.php(540): Mpdf\Mpdf->WriteHTML()
  #8 /var/www/html/dokuwiki/lib/plugins/dw2pdf/action.php(118): action_plugin_dw2pdf->generatePDF()
  #9 /var/www/html/dokuwiki/inc/Extension/EventHandler.php(80): action_plugin_dw2pdf->convert()
  #10 /var/www/html/dokuwiki/inc/Extension/Event.php(75): dokuwiki\Extension\EventHandler->process_event()
  #11 /var/www/html/dokuwiki/inc/ActionRouter.php(83): dokuwiki\Extension\Event->advise_before()
  #12 /var/www/html/dokuwiki/inc/ActionRouter.php(49): dokuwiki\ActionRouter->setupAction()
  #13 /var/www/html/dokuwiki/inc/ActionRouter.php(62): dokuwiki\ActionRouter->__construct()
  #14 /var/www/html/dokuwiki/inc/actions.php(19): dokuwiki\ActionRouter::getInstance()
  #15 /var/www/html/dokuwiki/doku.php(131): act_dispatch()
  #16 {main}
2025-03-27 21:21:30	/var/www/html/dokuwiki/lib/plugins/dw2pdf/vendor/mpdf/mpdf/src/Mpdf.php(9082)	E_WARNING: unserialize(): Extra data starting at offset 94 of 97 bytes
  #0 [internal function]: dokuwiki\ErrorHandler::errorHandler()
  #1 /var/www/html/dokuwiki/lib/plugins/dw2pdf/vendor/mpdf/mpdf/src/Mpdf.php(9082): unserialize()
  #2 /var/www/html/dokuwiki/lib/plugins/dw2pdf/vendor/mpdf/mpdf/src/Mpdf.php(16147): Mpdf\Mpdf->_getObjAttr()
  #3 /var/www/html/dokuwiki/lib/plugins/dw2pdf/vendor/mpdf/mpdf/src/Tag/BlockTag.php(1126): Mpdf\Mpdf->printbuffer()
  #4 /var/www/html/dokuwiki/lib/plugins/dw2pdf/vendor/mpdf/mpdf/src/Tag.php(247): Mpdf\Tag\BlockTag->close()
  #5 /var/www/html/dokuwiki/lib/plugins/dw2pdf/vendor/mpdf/mpdf/src/Mpdf.php(13718): Mpdf\Tag->CloseTag()
  #6 /var/www/html/dokuwiki/lib/plugins/dw2pdf/action.php(540): Mpdf\Mpdf->WriteHTML()
  #7 /var/www/html/dokuwiki/lib/plugins/dw2pdf/action.php(118): action_plugin_dw2pdf->generatePDF()
  #8 /var/www/html/dokuwiki/inc/Extension/EventHandler.php(80): action_plugin_dw2pdf->convert()
  #9 /var/www/html/dokuwiki/inc/Extension/Event.php(75): dokuwiki\Extension\EventHandler->process_event()
  #10 /var/www/html/dokuwiki/inc/ActionRouter.php(83): dokuwiki\Extension\Event->advise_before()
  #11 /var/www/html/dokuwiki/inc/ActionRouter.php(49): dokuwiki\ActionRouter->setupAction()
  #12 /var/www/html/dokuwiki/inc/ActionRouter.php(62): dokuwiki\ActionRouter->__construct()
  #13 /var/www/html/dokuwiki/inc/actions.php(19): dokuwiki\ActionRouter::getInstance()
  #14 /var/www/html/dokuwiki/doku.php(131): act_dispatch()
  #15 {main}
2025-03-27 21:21:30	/var/www/html/dokuwiki/lib/plugins/dw2pdf/vendor/mpdf/mpdf/src/Mpdf.php(9082)	E_WARNING: unserialize(): Extra data starting at offset 94 of 97 bytes
  #0 [internal function]: dokuwiki\ErrorHandler::errorHandler()
  #1 /var/www/html/dokuwiki/lib/plugins/dw2pdf/vendor/mpdf/mpdf/src/Mpdf.php(9082): unserialize()
  #2 /var/www/html/dokuwiki/lib/plugins/dw2pdf/vendor/mpdf/mpdf/src/Mpdf.php(7835): Mpdf\Mpdf->_getObjAttr()
  #3 /var/www/html/dokuwiki/lib/plugins/dw2pdf/vendor/mpdf/mpdf/src/Mpdf.php(16413): Mpdf\Mpdf->WriteFlowingBlock()
  #4 /var/www/html/dokuwiki/lib/plugins/dw2pdf/vendor/mpdf/mpdf/src/Tag/BlockTag.php(1126): Mpdf\Mpdf->printbuffer()
  #5 /var/www/html/dokuwiki/lib/plugins/dw2pdf/vendor/mpdf/mpdf/src/Tag.php(247): Mpdf\Tag\BlockTag->close()
  #6 /var/www/html/dokuwiki/lib/plugins/dw2pdf/vendor/mpdf/mpdf/src/Mpdf.php(13718): Mpdf\Tag->CloseTag()
  #7 /var/www/html/dokuwiki/lib/plugins/dw2pdf/action.php(540): Mpdf\Mpdf->WriteHTML()
  #8 /var/www/html/dokuwiki/lib/plugins/dw2pdf/action.php(118): action_plugin_dw2pdf->generatePDF()
  #9 /var/www/html/dokuwiki/inc/Extension/EventHandler.php(80): action_plugin_dw2pdf->convert()
  #10 /var/www/html/dokuwiki/inc/Extension/Event.php(75): dokuwiki\Extension\EventHandler->process_event()
  #11 /var/www/html/dokuwiki/inc/ActionRouter.php(83): dokuwiki\Extension\Event->advise_before()
  #12 /var/www/html/dokuwiki/inc/ActionRouter.php(49): dokuwiki\ActionRouter->setupAction()
  #13 /var/www/html/dokuwiki/inc/ActionRouter.php(62): dokuwiki\ActionRouter->__construct()
  #14 /var/www/html/dokuwiki/inc/actions.php(19): dokuwiki\ActionRouter::getInstance()
  #15 /var/www/html/dokuwiki/doku.php(131): act_dispatch()
  #16 {main}
2025-03-27 21:21:30	/var/www/html/dokuwiki/lib/plugins/dw2pdf/vendor/mpdf/mpdf/src/Mpdf.php(9082)	E_WARNING: unserialize(): Extra data starting at offset 437 of 440 bytes
  #0 [internal function]: dokuwiki\ErrorHandler::errorHandler()
  #1 /var/www/html/dokuwiki/lib/plugins/dw2pdf/vendor/mpdf/mpdf/src/Mpdf.php(9082): unserialize()
  #2 /var/www/html/dokuwiki/lib/plugins/dw2pdf/vendor/mpdf/mpdf/src/Mpdf.php(16147): Mpdf\Mpdf->_getObjAttr()
  #3 /var/www/html/dokuwiki/lib/plugins/dw2pdf/vendor/mpdf/mpdf/src/Tag/BlockTag.php(233): Mpdf\Mpdf->printbuffer()
  #4 /var/www/html/dokuwiki/lib/plugins/dw2pdf/vendor/mpdf/mpdf/src/Tag.php(240): Mpdf\Tag\BlockTag->open()
  #5 /var/www/html/dokuwiki/lib/plugins/dw2pdf/vendor/mpdf/mpdf/src/Mpdf.php(13812): Mpdf\Tag->OpenTag()
  #6 /var/www/html/dokuwiki/lib/plugins/dw2pdf/action.php(540): Mpdf\Mpdf->WriteHTML()
  #7 /var/www/html/dokuwiki/lib/plugins/dw2pdf/action.php(118): action_plugin_dw2pdf->generatePDF()
  #8 /var/www/html/dokuwiki/inc/Extension/EventHandler.php(80): action_plugin_dw2pdf->convert()
  #9 /var/www/html/dokuwiki/inc/Extension/Event.php(75): dokuwiki\Extension\EventHandler->process_event()
  #10 /var/www/html/dokuwiki/inc/ActionRouter.php(83): dokuwiki\Extension\Event->advise_before()
  #11 /var/www/html/dokuwiki/inc/ActionRouter.php(49): dokuwiki\ActionRouter->setupAction()
  #12 /var/www/html/dokuwiki/inc/ActionRouter.php(62): dokuwiki\ActionRouter->__construct()
  #13 /var/www/html/dokuwiki/inc/actions.php(19): dokuwiki\ActionRouter::getInstance()
  #14 /var/www/html/dokuwiki/doku.php(131): act_dispatch()
  #15 {main}
2025-03-27 21:21:30	/var/www/html/dokuwiki/lib/plugins/dw2pdf/vendor/mpdf/mpdf/src/Mpdf.php(9082)	E_WARNING: unserialize(): Extra data starting at offset 437 of 440 bytes
  #0 [internal function]: dokuwiki\ErrorHandler::errorHandler()
  #1 /var/www/html/dokuwiki/lib/plugins/dw2pdf/vendor/mpdf/mpdf/src/Mpdf.php(9082): unserialize()
  #2 /var/www/html/dokuwiki/lib/plugins/dw2pdf/vendor/mpdf/mpdf/src/Mpdf.php(7835): Mpdf\Mpdf->_getObjAttr()
  #3 /var/www/html/dokuwiki/lib/plugins/dw2pdf/vendor/mpdf/mpdf/src/Mpdf.php(16413): Mpdf\Mpdf->WriteFlowingBlock()
  #4 /var/www/html/dokuwiki/lib/plugins/dw2pdf/vendor/mpdf/mpdf/src/Tag/BlockTag.php(233): Mpdf\Mpdf->printbuffer()
  #5 /var/www/html/dokuwiki/lib/plugins/dw2pdf/vendor/mpdf/mpdf/src/Tag.php(240): Mpdf\Tag\BlockTag->open()
  #6 /var/www/html/dokuwiki/lib/plugins/dw2pdf/vendor/mpdf/mpdf/src/Mpdf.php(13812): Mpdf\Tag->OpenTag()
  #7 /var/www/html/dokuwiki/lib/plugins/dw2pdf/action.php(540): Mpdf\Mpdf->WriteHTML()
  #8 /var/www/html/dokuwiki/lib/plugins/dw2pdf/action.php(118): action_plugin_dw2pdf->generatePDF()
  #9 /var/www/html/dokuwiki/inc/Extension/EventHandler.php(80): action_plugin_dw2pdf->convert()
  #10 /var/www/html/dokuwiki/inc/Extension/Event.php(75): dokuwiki\Extension\EventHandler->process_event()
  #11 /var/www/html/dokuwiki/inc/ActionRouter.php(83): dokuwiki\Extension\Event->advise_before()
  #12 /var/www/html/dokuwiki/inc/ActionRouter.php(49): dokuwiki\ActionRouter->setupAction()
  #13 /var/www/html/dokuwiki/inc/ActionRouter.php(62): dokuwiki\ActionRouter->__construct()
  #14 /var/www/html/dokuwiki/inc/actions.php(19): dokuwiki\ActionRouter::getInstance()
  #15 /var/www/html/dokuwiki/doku.php(131): act_dispatch()
  #16 {main}
2025-03-27 21:21:30	/var/www/html/dokuwiki/lib/plugins/dw2pdf/vendor/mpdf/mpdf/src/Mpdf.php(9082)	E_WARNING: unserialize(): Extra data starting at offset 845 of 848 bytes
  #0 [internal function]: dokuwiki\ErrorHandler::errorHandler()
  #1 /var/www/html/dokuwiki/lib/plugins/dw2pdf/vendor/mpdf/mpdf/src/Mpdf.php(9082): unserialize()
  #2 /var/www/html/dokuwiki/lib/plugins/dw2pdf/vendor/mpdf/mpdf/src/Mpdf.php(19074): Mpdf\Mpdf->_getObjAttr()
  #3 /var/www/html/dokuwiki/lib/plugins/dw2pdf/vendor/mpdf/mpdf/src/Mpdf.php(19732): Mpdf\Mpdf->TableCheckMinWidth()
  #4 /var/www/html/dokuwiki/lib/plugins/dw2pdf/vendor/mpdf/mpdf/src/Tag/Table.php(761): Mpdf\Mpdf->_tableColumnWidth()
  #5 /var/www/html/dokuwiki/lib/plugins/dw2pdf/vendor/mpdf/mpdf/src/Tag.php(247): Mpdf\Tag\Table->close()
  #6 /var/www/html/dokuwiki/lib/plugins/dw2pdf/vendor/mpdf/mpdf/src/Mpdf.php(13718): Mpdf\Tag->CloseTag()
  #7 /var/www/html/dokuwiki/lib/plugins/dw2pdf/action.php(540): Mpdf\Mpdf->WriteHTML()
  #8 /var/www/html/dokuwiki/lib/plugins/dw2pdf/action.php(118): action_plugin_dw2pdf->generatePDF()
  #9 /var/www/html/dokuwiki/inc/Extension/EventHandler.php(80): action_plugin_dw2pdf->convert()
  #10 /var/www/html/dokuwiki/inc/Extension/Event.php(75): dokuwiki\Extension\EventHandler->process_event()
  #11 /var/www/html/dokuwiki/inc/ActionRouter.php(83): dokuwiki\Extension\Event->advise_before()
  #12 /var/www/html/dokuwiki/inc/ActionRouter.php(49): dokuwiki\ActionRouter->setupAction()
  #13 /var/www/html/dokuwiki/inc/ActionRouter.php(62): dokuwiki\ActionRouter->__construct()
  #14 /var/www/html/dokuwiki/inc/actions.php(19): dokuwiki\ActionRouter::getInstance()
  #15 /var/www/html/dokuwiki/doku.php(131): act_dispatch()
  #16 {main}
2025-03-27 21:21:30	/var/www/html/dokuwiki/lib/plugins/dw2pdf/vendor/mpdf/mpdf/src/Mpdf.php(9082)	E_WARNING: unserialize(): Extra data starting at offset 845 of 848 bytes
  #0 [internal function]: dokuwiki\ErrorHandler::errorHandler()
  #1 /var/www/html/dokuwiki/lib/plugins/dw2pdf/vendor/mpdf/mpdf/src/Mpdf.php(9082): unserialize()
  #2 /var/www/html/dokuwiki/lib/plugins/dw2pdf/vendor/mpdf/mpdf/src/Mpdf.php(19074): Mpdf\Mpdf->_getObjAttr()
  #3 /var/www/html/dokuwiki/lib/plugins/dw2pdf/vendor/mpdf/mpdf/src/Mpdf.php(19732): Mpdf\Mpdf->TableCheckMinWidth()
  #4 /var/www/html/dokuwiki/lib/plugins/dw2pdf/vendor/mpdf/mpdf/src/Tag/Table.php(788): Mpdf\Mpdf->_tableColumnWidth()
  #5 /var/www/html/dokuwiki/lib/plugins/dw2pdf/vendor/mpdf/mpdf/src/Tag.php(247): Mpdf\Tag\Table->close()
  #6 /var/www/html/dokuwiki/lib/plugins/dw2pdf/vendor/mpdf/mpdf/src/Mpdf.php(13718): Mpdf\Tag->CloseTag()
  #7 /var/www/html/dokuwiki/lib/plugins/dw2pdf/action.php(540): Mpdf\Mpdf->WriteHTML()
  #8 /var/www/html/dokuwiki/lib/plugins/dw2pdf/action.php(118): action_plugin_dw2pdf->generatePDF()
  #9 /var/www/html/dokuwiki/inc/Extension/EventHandler.php(80): action_plugin_dw2pdf->convert()
  #10 /var/www/html/dokuwiki/inc/Extension/Event.php(75): dokuwiki\Extension\EventHandler->process_event()
  #11 /var/www/html/dokuwiki/inc/ActionRouter.php(83): dokuwiki\Extension\Event->advise_before()
  #12 /var/www/html/dokuwiki/inc/ActionRouter.php(49): dokuwiki\ActionRouter->setupAction()
  #13 /var/www/html/dokuwiki/inc/ActionRouter.php(62): dokuwiki\ActionRouter->__construct()
  #14 /var/www/html/dokuwiki/inc/actions.php(19): dokuwiki\ActionRouter::getInstance()
  #15 /var/www/html/dokuwiki/doku.php(131): act_dispatch()
  #16 {main}
2025-03-27 21:21:30	/var/www/html/dokuwiki/lib/plugins/dw2pdf/vendor/mpdf/mpdf/src/Mpdf.php(9082)	E_WARNING: unserialize(): Extra data starting at offset 845 of 848 bytes
  #0 [internal function]: dokuwiki\ErrorHandler::errorHandler()
  #1 /var/www/html/dokuwiki/lib/plugins/dw2pdf/vendor/mpdf/mpdf/src/Mpdf.php(9082): unserialize()
  #2 /var/www/html/dokuwiki/lib/plugins/dw2pdf/vendor/mpdf/mpdf/src/Mpdf.php(16147): Mpdf\Mpdf->_getObjAttr()
  #3 /var/www/html/dokuwiki/lib/plugins/dw2pdf/vendor/mpdf/mpdf/src/Mpdf.php(20412): Mpdf\Mpdf->printbuffer()
  #4 /var/www/html/dokuwiki/lib/plugins/dw2pdf/vendor/mpdf/mpdf/src/Tag/Table.php(865): Mpdf\Mpdf->_tableHeight()
  #5 /var/www/html/dokuwiki/lib/plugins/dw2pdf/vendor/mpdf/mpdf/src/Tag.php(247): Mpdf\Tag\Table->close()
  #6 /var/www/html/dokuwiki/lib/plugins/dw2pdf/vendor/mpdf/mpdf/src/Mpdf.php(13718): Mpdf\Tag->CloseTag()
  #7 /var/www/html/dokuwiki/lib/plugins/dw2pdf/action.php(540): Mpdf\Mpdf->WriteHTML()
  #8 /var/www/html/dokuwiki/lib/plugins/dw2pdf/action.php(118): action_plugin_dw2pdf->generatePDF()
  #9 /var/www/html/dokuwiki/inc/Extension/EventHandler.php(80): action_plugin_dw2pdf->convert()
  #10 /var/www/html/dokuwiki/inc/Extension/Event.php(75): dokuwiki\Extension\EventHandler->process_event()
  #11 /var/www/html/dokuwiki/inc/ActionRouter.php(83): dokuwiki\Extension\Event->advise_before()
  #12 /var/www/html/dokuwiki/inc/ActionRouter.php(49): dokuwiki\ActionRouter->setupAction()
  #13 /var/www/html/dokuwiki/inc/ActionRouter.php(62): dokuwiki\ActionRouter->__construct()
  #14 /var/www/html/dokuwiki/inc/actions.php(19): dokuwiki\ActionRouter::getInstance()
  #15 /var/www/html/dokuwiki/doku.php(131): act_dispatch()
  #16 {main}
2025-03-27 21:21:30	/var/www/html/dokuwiki/lib/plugins/dw2pdf/vendor/mpdf/mpdf/src/Mpdf.php(9082)	E_WARNING: unserialize(): Extra data starting at offset 845 of 848 bytes
  #0 [internal function]: dokuwiki\ErrorHandler::errorHandler()
  #1 /var/www/html/dokuwiki/lib/plugins/dw2pdf/vendor/mpdf/mpdf/src/Mpdf.php(9082): unserialize()
  #2 /var/www/html/dokuwiki/lib/plugins/dw2pdf/vendor/mpdf/mpdf/src/Mpdf.php(7835): Mpdf\Mpdf->_getObjAttr()
  #3 /var/www/html/dokuwiki/lib/plugins/dw2pdf/vendor/mpdf/mpdf/src/Mpdf.php(16413): Mpdf\Mpdf->WriteFlowingBlock()
  #4 /var/www/html/dokuwiki/lib/plugins/dw2pdf/vendor/mpdf/mpdf/src/Mpdf.php(20412): Mpdf\Mpdf->printbuffer()
  #5 /var/www/html/dokuwiki/lib/plugins/dw2pdf/vendor/mpdf/mpdf/src/Tag/Table.php(865): Mpdf\Mpdf->_tableHeight()
  #6 /var/www/html/dokuwiki/lib/plugins/dw2pdf/vendor/mpdf/mpdf/src/Tag.php(247): Mpdf\Tag\Table->close()
  #7 /var/www/html/dokuwiki/lib/plugins/dw2pdf/vendor/mpdf/mpdf/src/Mpdf.php(13718): Mpdf\Tag->CloseTag()
  #8 /var/www/html/dokuwiki/lib/plugins/dw2pdf/action.php(540): Mpdf\Mpdf->WriteHTML()
  #9 /var/www/html/dokuwiki/lib/plugins/dw2pdf/action.php(118): action_plugin_dw2pdf->generatePDF()
  #10 /var/www/html/dokuwiki/inc/Extension/EventHandler.php(80): action_plugin_dw2pdf->convert()
  #11 /var/www/html/dokuwiki/inc/Extension/Event.php(75): dokuwiki\Extension\EventHandler->process_event()
  #12 /var/www/html/dokuwiki/inc/ActionRouter.php(83): dokuwiki\Extension\Event->advise_before()
  #13 /var/www/html/dokuwiki/inc/ActionRouter.php(49): dokuwiki\ActionRouter->setupAction()
  #14 /var/www/html/dokuwiki/inc/ActionRouter.php(62): dokuwiki\ActionRouter->__construct()
  #15 /var/www/html/dokuwiki/inc/actions.php(19): dokuwiki\ActionRouter::getInstance()
  #16 /var/www/html/dokuwiki/doku.php(131): act_dispatch()
  #17 {main}
2025-03-27 21:21:30	/var/www/html/dokuwiki/lib/plugins/dw2pdf/vendor/mpdf/mpdf/src/Mpdf.php(9082)	E_WARNING: unserialize(): Extra data starting at offset 845 of 848 bytes
  #0 [internal function]: dokuwiki\ErrorHandler::errorHandler()
  #1 /var/www/html/dokuwiki/lib/plugins/dw2pdf/vendor/mpdf/mpdf/src/Mpdf.php(9082): unserialize()
  #2 /var/www/html/dokuwiki/lib/plugins/dw2pdf/vendor/mpdf/mpdf/src/Mpdf.php(16147): Mpdf\Mpdf->_getObjAttr()
  #3 /var/www/html/dokuwiki/lib/plugins/dw2pdf/vendor/mpdf/mpdf/src/Mpdf.php(22990): Mpdf\Mpdf->printbuffer()
  #4 /var/www/html/dokuwiki/lib/plugins/dw2pdf/vendor/mpdf/mpdf/src/Tag/Table.php(1131): Mpdf\Mpdf->_tableWrite()
  #5 /var/www/html/dokuwiki/lib/plugins/dw2pdf/vendor/mpdf/mpdf/src/Tag.php(247): Mpdf\Tag\Table->close()
  #6 /var/www/html/dokuwiki/lib/plugins/dw2pdf/vendor/mpdf/mpdf/src/Mpdf.php(13718): Mpdf\Tag->CloseTag()
  #7 /var/www/html/dokuwiki/lib/plugins/dw2pdf/action.php(540): Mpdf\Mpdf->WriteHTML()
  #8 /var/www/html/dokuwiki/lib/plugins/dw2pdf/action.php(118): action_plugin_dw2pdf->generatePDF()
  #9 /var/www/html/dokuwiki/inc/Extension/EventHandler.php(80): action_plugin_dw2pdf->convert()
  #10 /var/www/html/dokuwiki/inc/Extension/Event.php(75): dokuwiki\Extension\EventHandler->process_event()
  #11 /var/www/html/dokuwiki/inc/ActionRouter.php(83): dokuwiki\Extension\Event->advise_before()
  #12 /var/www/html/dokuwiki/inc/ActionRouter.php(49): dokuwiki\ActionRouter->setupAction()
  #13 /var/www/html/dokuwiki/inc/ActionRouter.php(62): dokuwiki\ActionRouter->__construct()
  #14 /var/www/html/dokuwiki/inc/actions.php(19): dokuwiki\ActionRouter::getInstance()
  #15 /var/www/html/dokuwiki/doku.php(131): act_dispatch()
  #16 {main}
2025-03-27 21:21:30	/var/www/html/dokuwiki/lib/plugins/dw2pdf/vendor/mpdf/mpdf/src/Mpdf.php(9082)	E_WARNING: unserialize(): Extra data starting at offset 845 of 848 bytes
  #0 [internal function]: dokuwiki\ErrorHandler::errorHandler()
  #1 /var/www/html/dokuwiki/lib/plugins/dw2pdf/vendor/mpdf/mpdf/src/Mpdf.php(9082): unserialize()
  #2 /var/www/html/dokuwiki/lib/plugins/dw2pdf/vendor/mpdf/mpdf/src/Mpdf.php(7835): Mpdf\Mpdf->_getObjAttr()
  #3 /var/www/html/dokuwiki/lib/plugins/dw2pdf/vendor/mpdf/mpdf/src/Mpdf.php(16413): Mpdf\Mpdf->WriteFlowingBlock()
  #4 /var/www/html/dokuwiki/lib/plugins/dw2pdf/vendor/mpdf/mpdf/src/Mpdf.php(22990): Mpdf\Mpdf->printbuffer()
  #5 /var/www/html/dokuwiki/lib/plugins/dw2pdf/vendor/mpdf/mpdf/src/Tag/Table.php(1131): Mpdf\Mpdf->_tableWrite()
  #6 /var/www/html/dokuwiki/lib/plugins/dw2pdf/vendor/mpdf/mpdf/src/Tag.php(247): Mpdf\Tag\Table->close()
  #7 /var/www/html/dokuwiki/lib/plugins/dw2pdf/vendor/mpdf/mpdf/src/Mpdf.php(13718): Mpdf\Tag->CloseTag()
  #8 /var/www/html/dokuwiki/lib/plugins/dw2pdf/action.php(540): Mpdf\Mpdf->WriteHTML()
  #9 /var/www/html/dokuwiki/lib/plugins/dw2pdf/action.php(118): action_plugin_dw2pdf->generatePDF()
  #10 /var/www/html/dokuwiki/inc/Extension/EventHandler.php(80): action_plugin_dw2pdf->convert()
  #11 /var/www/html/dokuwiki/inc/Extension/Event.php(75): dokuwiki\Extension\EventHandler->process_event()
  #12 /var/www/html/dokuwiki/inc/ActionRouter.php(83): dokuwiki\Extension\Event->advise_before()
  #13 /var/www/html/dokuwiki/inc/ActionRouter.php(49): dokuwiki\ActionRouter->setupAction()
  #14 /var/www/html/dokuwiki/inc/ActionRouter.php(62): dokuwiki\ActionRouter->__construct()
  #15 /var/www/html/dokuwiki/inc/actions.php(19): dokuwiki\ActionRouter::getInstance()
  #16 /var/www/html/dokuwiki/doku.php(131): act_dispatch()
  #17 {main}
2025-03-27 21:21:46	/var/www/html/dokuwiki/lib/plugins/dw2pdf/vendor/mpdf/mpdf/src/Mpdf.php(9082)	E_WARNING: unserialize(): Extra data starting at offset 113 of 116 bytes
  #0 [internal function]: dokuwiki\ErrorHandler::errorHandler()
  #1 /var/www/html/dokuwiki/lib/plugins/dw2pdf/vendor/mpdf/mpdf/src/Mpdf.php(9082): unserialize()
  #2 /var/www/html/dokuwiki/lib/plugins/dw2pdf/vendor/mpdf/mpdf/src/Mpdf.php(16147): Mpdf\Mpdf->_getObjAttr()
  #3 /var/www/html/dokuwiki/lib/plugins/dw2pdf/vendor/mpdf/mpdf/src/Tag/BlockTag.php(1126): Mpdf\Mpdf->printbuffer()
  #4 /var/www/html/dokuwiki/lib/plugins/dw2pdf/vendor/mpdf/mpdf/src/Tag.php(247): Mpdf\Tag\BlockTag->close()
  #5 /var/www/html/dokuwiki/lib/plugins/dw2pdf/vendor/mpdf/mpdf/src/Mpdf.php(13718): Mpdf\Tag->CloseTag()
  #6 /var/www/html/dokuwiki/lib/plugins/dw2pdf/action.php(540): Mpdf\Mpdf->WriteHTML()
  #7 /var/www/html/dokuwiki/lib/plugins/dw2pdf/action.php(118): action_plugin_dw2pdf->generatePDF()
  #8 /var/www/html/dokuwiki/inc/Extension/EventHandler.php(80): action_plugin_dw2pdf->convert()
  #9 /var/www/html/dokuwiki/inc/Extension/Event.php(75): dokuwiki\Extension\EventHandler->process_event()
  #10 /var/www/html/dokuwiki/inc/ActionRouter.php(83): dokuwiki\Extension\Event->advise_before()
  #11 /var/www/html/dokuwiki/inc/ActionRouter.php(49): dokuwiki\ActionRouter->setupAction()
  #12 /var/www/html/dokuwiki/inc/ActionRouter.php(62): dokuwiki\ActionRouter->__construct()
  #13 /var/www/html/dokuwiki/inc/actions.php(19): dokuwiki\ActionRouter::getInstance()
  #14 /var/www/html/dokuwiki/doku.php(131): act_dispatch()
  #15 {main}
2025-03-27 21:21:46	/var/www/html/dokuwiki/lib/plugins/dw2pdf/vendor/mpdf/mpdf/src/Mpdf.php(9082)	E_WARNING: unserialize(): Extra data starting at offset 113 of 116 bytes
  #0 [internal function]: dokuwiki\ErrorHandler::errorHandler()
  #1 /var/www/html/dokuwiki/lib/plugins/dw2pdf/vendor/mpdf/mpdf/src/Mpdf.php(9082): unserialize()
  #2 /var/www/html/dokuwiki/lib/plugins/dw2pdf/vendor/mpdf/mpdf/src/Mpdf.php(7835): Mpdf\Mpdf->_getObjAttr()
  #3 /var/www/html/dokuwiki/lib/plugins/dw2pdf/vendor/mpdf/mpdf/src/Mpdf.php(16413): Mpdf\Mpdf->WriteFlowingBlock()
  #4 /var/www/html/dokuwiki/lib/plugins/dw2pdf/vendor/mpdf/mpdf/src/Tag/BlockTag.php(1126): Mpdf\Mpdf->printbuffer()
  #5 /var/www/html/dokuwiki/lib/plugins/dw2pdf/vendor/mpdf/mpdf/src/Tag.php(247): Mpdf\Tag\BlockTag->close()
  #6 /var/www/html/dokuwiki/lib/plugins/dw2pdf/vendor/mpdf/mpdf/src/Mpdf.php(13718): Mpdf\Tag->CloseTag()
  #7 /var/www/html/dokuwiki/lib/plugins/dw2pdf/action.php(540): Mpdf\Mpdf->WriteHTML()
  #8 /var/www/html/dokuwiki/lib/plugins/dw2pdf/action.php(118): action_plugin_dw2pdf->generatePDF()
  #9 /var/www/html/dokuwiki/inc/Extension/EventHandler.php(80): action_plugin_dw2pdf->convert()
  #10 /var/www/html/dokuwiki/inc/Extension/Event.php(75): dokuwiki\Extension\EventHandler->process_event()
  #11 /var/www/html/dokuwiki/inc/ActionRouter.php(83): dokuwiki\Extension\Event->advise_before()
  #12 /var/www/html/dokuwiki/inc/ActionRouter.php(49): dokuwiki\ActionRouter->setupAction()
  #13 /var/www/html/dokuwiki/inc/ActionRouter.php(62): dokuwiki\ActionRouter->__construct()
  #14 /var/www/html/dokuwiki/inc/actions.php(19): dokuwiki\ActionRouter::getInstance()
  #15 /var/www/html/dokuwiki/doku.php(131): act_dispatch()
  #16 {main}
2025-03-27 21:21:46	/var/www/html/dokuwiki/lib/plugins/dw2pdf/vendor/mpdf/mpdf/src/Mpdf.php(9082)	E_WARNING: unserialize(): Extra data starting at offset 83 of 86 bytes
  #0 [internal function]: dokuwiki\ErrorHandler::errorHandler()
  #1 /var/www/html/dokuwiki/lib/plugins/dw2pdf/vendor/mpdf/mpdf/src/Mpdf.php(9082): unserialize()
  #2 /var/www/html/dokuwiki/lib/plugins/dw2pdf/vendor/mpdf/mpdf/src/Mpdf.php(16147): Mpdf\Mpdf->_getObjAttr()
  #3 /var/www/html/dokuwiki/lib/plugins/dw2pdf/vendor/mpdf/mpdf/src/Tag/BlockTag.php(1126): Mpdf\Mpdf->printbuffer()
  #4 /var/www/html/dokuwiki/lib/plugins/dw2pdf/vendor/mpdf/mpdf/src/Tag.php(247): Mpdf\Tag\BlockTag->close()
  #5 /var/www/html/dokuwiki/lib/plugins/dw2pdf/vendor/mpdf/mpdf/src/Mpdf.php(13718): Mpdf\Tag->CloseTag()
  #6 /var/www/html/dokuwiki/lib/plugins/dw2pdf/action.php(540): Mpdf\Mpdf->WriteHTML()
  #7 /var/www/html/dokuwiki/lib/plugins/dw2pdf/action.php(118): action_plugin_dw2pdf->generatePDF()
  #8 /var/www/html/dokuwiki/inc/Extension/EventHandler.php(80): action_plugin_dw2pdf->convert()
  #9 /var/www/html/dokuwiki/inc/Extension/Event.php(75): dokuwiki\Extension\EventHandler->process_event()
  #10 /var/www/html/dokuwiki/inc/ActionRouter.php(83): dokuwiki\Extension\Event->advise_before()
  #11 /var/www/html/dokuwiki/inc/ActionRouter.php(49): dokuwiki\ActionRouter->setupAction()
  #12 /var/www/html/dokuwiki/inc/ActionRouter.php(62): dokuwiki\ActionRouter->__construct()
  #13 /var/www/html/dokuwiki/inc/actions.php(19): dokuwiki\ActionRouter::getInstance()
  #14 /var/www/html/dokuwiki/doku.php(131): act_dispatch()
  #15 {main}
2025-03-27 21:21:46	/var/www/html/dokuwiki/lib/plugins/dw2pdf/vendor/mpdf/mpdf/src/Mpdf.php(9082)	E_WARNING: unserialize(): Extra data starting at offset 83 of 86 bytes
  #0 [internal function]: dokuwiki\ErrorHandler::errorHandler()
  #1 /var/www/html/dokuwiki/lib/plugins/dw2pdf/vendor/mpdf/mpdf/src/Mpdf.php(9082): unserialize()
  #2 /var/www/html/dokuwiki/lib/plugins/dw2pdf/vendor/mpdf/mpdf/src/Mpdf.php(7835): Mpdf\Mpdf->_getObjAttr()
  #3 /var/www/html/dokuwiki/lib/plugins/dw2pdf/vendor/mpdf/mpdf/src/Mpdf.php(16413): Mpdf\Mpdf->WriteFlowingBlock()
  #4 /var/www/html/dokuwiki/lib/plugins/dw2pdf/vendor/mpdf/mpdf/src/Tag/BlockTag.php(1126): Mpdf\Mpdf->printbuffer()
  #5 /var/www/html/dokuwiki/lib/plugins/dw2pdf/vendor/mpdf/mpdf/src/Tag.php(247): Mpdf\Tag\BlockTag->close()
  #6 /var/www/html/dokuwiki/lib/plugins/dw2pdf/vendor/mpdf/mpdf/src/Mpdf.php(13718): Mpdf\Tag->CloseTag()
  #7 /var/www/html/dokuwiki/lib/plugins/dw2pdf/action.php(540): Mpdf\Mpdf->WriteHTML()
  #8 /var/www/html/dokuwiki/lib/plugins/dw2pdf/action.php(118): action_plugin_dw2pdf->generatePDF()
  #9 /var/www/html/dokuwiki/inc/Extension/EventHandler.php(80): action_plugin_dw2pdf->convert()
  #10 /var/www/html/dokuwiki/inc/Extension/Event.php(75): dokuwiki\Extension\EventHandler->process_event()
  #11 /var/www/html/dokuwiki/inc/ActionRouter.php(83): dokuwiki\Extension\Event->advise_before()
  #12 /var/www/html/dokuwiki/inc/ActionRouter.php(49): dokuwiki\ActionRouter->setupAction()
  #13 /var/www/html/dokuwiki/inc/ActionRouter.php(62): dokuwiki\ActionRouter->__construct()
  #14 /var/www/html/dokuwiki/inc/actions.php(19): dokuwiki\ActionRouter::getInstance()
  #15 /var/www/html/dokuwiki/doku.php(131): act_dispatch()
  #16 {main}
2025-03-27 21:21:46	/var/www/html/dokuwiki/lib/plugins/dw2pdf/vendor/mpdf/mpdf/src/Mpdf.php(9082)	E_WARNING: unserialize(): Extra data starting at offset 84 of 87 bytes
  #0 [internal function]: dokuwiki\ErrorHandler::errorHandler()
  #1 /var/www/html/dokuwiki/lib/plugins/dw2pdf/vendor/mpdf/mpdf/src/Mpdf.php(9082): unserialize()
  #2 /var/www/html/dokuwiki/lib/plugins/dw2pdf/vendor/mpdf/mpdf/src/Mpdf.php(16147): Mpdf\Mpdf->_getObjAttr()
  #3 /var/www/html/dokuwiki/lib/plugins/dw2pdf/vendor/mpdf/mpdf/src/Tag/BlockTag.php(1126): Mpdf\Mpdf->printbuffer()
  #4 /var/www/html/dokuwiki/lib/plugins/dw2pdf/vendor/mpdf/mpdf/src/Tag.php(247): Mpdf\Tag\BlockTag->close()
  #5 /var/www/html/dokuwiki/lib/plugins/dw2pdf/vendor/mpdf/mpdf/src/Mpdf.php(13718): Mpdf\Tag->CloseTag()
  #6 /var/www/html/dokuwiki/lib/plugins/dw2pdf/action.php(540): Mpdf\Mpdf->WriteHTML()
  #7 /var/www/html/dokuwiki/lib/plugins/dw2pdf/action.php(118): action_plugin_dw2pdf->generatePDF()
  #8 /var/www/html/dokuwiki/inc/Extension/EventHandler.php(80): action_plugin_dw2pdf->convert()
  #9 /var/www/html/dokuwiki/inc/Extension/Event.php(75): dokuwiki\Extension\EventHandler->process_event()
  #10 /var/www/html/dokuwiki/inc/ActionRouter.php(83): dokuwiki\Extension\Event->advise_before()
  #11 /var/www/html/dokuwiki/inc/ActionRouter.php(49): dokuwiki\ActionRouter->setupAction()
  #12 /var/www/html/dokuwiki/inc/ActionRouter.php(62): dokuwiki\ActionRouter->__construct()
  #13 /var/www/html/dokuwiki/inc/actions.php(19): dokuwiki\ActionRouter::getInstance()
  #14 /var/www/html/dokuwiki/doku.php(131): act_dispatch()
  #15 {main}
2025-03-27 21:21:46	/var/www/html/dokuwiki/lib/plugins/dw2pdf/vendor/mpdf/mpdf/src/Mpdf.php(9082)	E_WARNING: unserialize(): Extra data starting at offset 84 of 87 bytes
  #0 [internal function]: dokuwiki\ErrorHandler::errorHandler()
  #1 /var/www/html/dokuwiki/lib/plugins/dw2pdf/vendor/mpdf/mpdf/src/Mpdf.php(9082): unserialize()
  #2 /var/www/html/dokuwiki/lib/plugins/dw2pdf/vendor/mpdf/mpdf/src/Mpdf.php(7835): Mpdf\Mpdf->_getObjAttr()
  #3 /var/www/html/dokuwiki/lib/plugins/dw2pdf/vendor/mpdf/mpdf/src/Mpdf.php(16413): Mpdf\Mpdf->WriteFlowingBlock()
  #4 /var/www/html/dokuwiki/lib/plugins/dw2pdf/vendor/mpdf/mpdf/src/Tag/BlockTag.php(1126): Mpdf\Mpdf->printbuffer()
  #5 /var/www/html/dokuwiki/lib/plugins/dw2pdf/vendor/mpdf/mpdf/src/Tag.php(247): Mpdf\Tag\BlockTag->close()
  #6 /var/www/html/dokuwiki/lib/plugins/dw2pdf/vendor/mpdf/mpdf/src/Mpdf.php(13718): Mpdf\Tag->CloseTag()
  #7 /var/www/html/dokuwiki/lib/plugins/dw2pdf/action.php(540): Mpdf\Mpdf->WriteHTML()
  #8 /var/www/html/dokuwiki/lib/plugins/dw2pdf/action.php(118): action_plugin_dw2pdf->generatePDF()
  #9 /var/www/html/dokuwiki/inc/Extension/EventHandler.php(80): action_plugin_dw2pdf->convert()
  #10 /var/www/html/dokuwiki/inc/Extension/Event.php(75): dokuwiki\Extension\EventHandler->process_event()
  #11 /var/www/html/dokuwiki/inc/ActionRouter.php(83): dokuwiki\Extension\Event->advise_before()
  #12 /var/www/html/dokuwiki/inc/ActionRouter.php(49): dokuwiki\ActionRouter->setupAction()
  #13 /var/www/html/dokuwiki/inc/ActionRouter.php(62): dokuwiki\ActionRouter->__construct()
  #14 /var/www/html/dokuwiki/inc/actions.php(19): dokuwiki\ActionRouter::getInstance()
  #15 /var/www/html/dokuwiki/doku.php(131): act_dispatch()
  #16 {main}
2025-03-27 21:21:46	/var/www/html/dokuwiki/lib/plugins/dw2pdf/vendor/mpdf/mpdf/src/Mpdf.php(9082)	E_WARNING: unserialize(): Extra data starting at offset 90 of 93 bytes
  #0 [internal function]: dokuwiki\ErrorHandler::errorHandler()
  #1 /var/www/html/dokuwiki/lib/plugins/dw2pdf/vendor/mpdf/mpdf/src/Mpdf.php(9082): unserialize()
  #2 /var/www/html/dokuwiki/lib/plugins/dw2pdf/vendor/mpdf/mpdf/src/Mpdf.php(16147): Mpdf\Mpdf->_getObjAttr()
  #3 /var/www/html/dokuwiki/lib/plugins/dw2pdf/vendor/mpdf/mpdf/src/Tag/BlockTag.php(1126): Mpdf\Mpdf->printbuffer()
  #4 /var/www/html/dokuwiki/lib/plugins/dw2pdf/vendor/mpdf/mpdf/src/Tag.php(247): Mpdf\Tag\BlockTag->close()
  #5 /var/www/html/dokuwiki/lib/plugins/dw2pdf/vendor/mpdf/mpdf/src/Mpdf.php(13718): Mpdf\Tag->CloseTag()
  #6 /var/www/html/dokuwiki/lib/plugins/dw2pdf/action.php(540): Mpdf\Mpdf->WriteHTML()
  #7 /var/www/html/dokuwiki/lib/plugins/dw2pdf/action.php(118): action_plugin_dw2pdf->generatePDF()
  #8 /var/www/html/dokuwiki/inc/Extension/EventHandler.php(80): action_plugin_dw2pdf->convert()
  #9 /var/www/html/dokuwiki/inc/Extension/Event.php(75): dokuwiki\Extension\EventHandler->process_event()
  #10 /var/www/html/dokuwiki/inc/ActionRouter.php(83): dokuwiki\Extension\Event->advise_before()
  #11 /var/www/html/dokuwiki/inc/ActionRouter.php(49): dokuwiki\ActionRouter->setupAction()
  #12 /var/www/html/dokuwiki/inc/ActionRouter.php(62): dokuwiki\ActionRouter->__construct()
  #13 /var/www/html/dokuwiki/inc/actions.php(19): dokuwiki\ActionRouter::getInstance()
  #14 /var/www/html/dokuwiki/doku.php(131): act_dispatch()
  #15 {main}
2025-03-27 21:21:46	/var/www/html/dokuwiki/lib/plugins/dw2pdf/vendor/mpdf/mpdf/src/Mpdf.php(9082)	E_WARNING: unserialize(): Extra data starting at offset 90 of 93 bytes
  #0 [internal function]: dokuwiki\ErrorHandler::errorHandler()
  #1 /var/www/html/dokuwiki/lib/plugins/dw2pdf/vendor/mpdf/mpdf/src/Mpdf.php(9082): unserialize()
  #2 /var/www/html/dokuwiki/lib/plugins/dw2pdf/vendor/mpdf/mpdf/src/Mpdf.php(7835): Mpdf\Mpdf->_getObjAttr()
  #3 /var/www/html/dokuwiki/lib/plugins/dw2pdf/vendor/mpdf/mpdf/src/Mpdf.php(16413): Mpdf\Mpdf->WriteFlowingBlock()
  #4 /var/www/html/dokuwiki/lib/plugins/dw2pdf/vendor/mpdf/mpdf/src/Tag/BlockTag.php(1126): Mpdf\Mpdf->printbuffer()
  #5 /var/www/html/dokuwiki/lib/plugins/dw2pdf/vendor/mpdf/mpdf/src/Tag.php(247): Mpdf\Tag\BlockTag->close()
  #6 /var/www/html/dokuwiki/lib/plugins/dw2pdf/vendor/mpdf/mpdf/src/Mpdf.php(13718): Mpdf\Tag->CloseTag()
  #7 /var/www/html/dokuwiki/lib/plugins/dw2pdf/action.php(540): Mpdf\Mpdf->WriteHTML()
  #8 /var/www/html/dokuwiki/lib/plugins/dw2pdf/action.php(118): action_plugin_dw2pdf->generatePDF()
  #9 /var/www/html/dokuwiki/inc/Extension/EventHandler.php(80): action_plugin_dw2pdf->convert()
  #10 /var/www/html/dokuwiki/inc/Extension/Event.php(75): dokuwiki\Extension\EventHandler->process_event()
  #11 /var/www/html/dokuwiki/inc/ActionRouter.php(83): dokuwiki\Extension\Event->advise_before()
  #12 /var/www/html/dokuwiki/inc/ActionRouter.php(49): dokuwiki\ActionRouter->setupAction()
  #13 /var/www/html/dokuwiki/inc/ActionRouter.php(62): dokuwiki\ActionRouter->__construct()
  #14 /var/www/html/dokuwiki/inc/actions.php(19): dokuwiki\ActionRouter::getInstance()
  #15 /var/www/html/dokuwiki/doku.php(131): act_dispatch()
  #16 {main}
2025-03-27 21:21:46	/var/www/html/dokuwiki/lib/plugins/dw2pdf/vendor/mpdf/mpdf/src/Mpdf.php(9082)	E_WARNING: unserialize(): Extra data starting at offset 84 of 87 bytes
  #0 [internal function]: dokuwiki\ErrorHandler::errorHandler()
  #1 /var/www/html/dokuwiki/lib/plugins/dw2pdf/vendor/mpdf/mpdf/src/Mpdf.php(9082): unserialize()
  #2 /var/www/html/dokuwiki/lib/plugins/dw2pdf/vendor/mpdf/mpdf/src/Mpdf.php(16147): Mpdf\Mpdf->_getObjAttr()
  #3 /var/www/html/dokuwiki/lib/plugins/dw2pdf/vendor/mpdf/mpdf/src/Tag/BlockTag.php(1126): Mpdf\Mpdf->printbuffer()
  #4 /var/www/html/dokuwiki/lib/plugins/dw2pdf/vendor/mpdf/mpdf/src/Tag.php(247): Mpdf\Tag\BlockTag->close()
  #5 /var/www/html/dokuwiki/lib/plugins/dw2pdf/vendor/mpdf/mpdf/src/Mpdf.php(13718): Mpdf\Tag->CloseTag()
  #6 /var/www/html/dokuwiki/lib/plugins/dw2pdf/action.php(540): Mpdf\Mpdf->WriteHTML()
  #7 /var/www/html/dokuwiki/lib/plugins/dw2pdf/action.php(118): action_plugin_dw2pdf->generatePDF()
  #8 /var/www/html/dokuwiki/inc/Extension/EventHandler.php(80): action_plugin_dw2pdf->convert()
  #9 /var/www/html/dokuwiki/inc/Extension/Event.php(75): dokuwiki\Extension\EventHandler->process_event()
  #10 /var/www/html/dokuwiki/inc/ActionRouter.php(83): dokuwiki\Extension\Event->advise_before()
  #11 /var/www/html/dokuwiki/inc/ActionRouter.php(49): dokuwiki\ActionRouter->setupAction()
  #12 /var/www/html/dokuwiki/inc/ActionRouter.php(62): dokuwiki\ActionRouter->__construct()
  #13 /var/www/html/dokuwiki/inc/actions.php(19): dokuwiki\ActionRouter::getInstance()
  #14 /var/www/html/dokuwiki/doku.php(131): act_dispatch()
  #15 {main}
2025-03-27 21:21:46	/var/www/html/dokuwiki/lib/plugins/dw2pdf/vendor/mpdf/mpdf/src/Mpdf.php(9082)	E_WARNING: unserialize(): Extra data starting at offset 84 of 87 bytes
  #0 [internal function]: dokuwiki\ErrorHandler::errorHandler()
  #1 /var/www/html/dokuwiki/lib/plugins/dw2pdf/vendor/mpdf/mpdf/src/Mpdf.php(9082): unserialize()
  #2 /var/www/html/dokuwiki/lib/plugins/dw2pdf/vendor/mpdf/mpdf/src/Mpdf.php(7835): Mpdf\Mpdf->_getObjAttr()
  #3 /var/www/html/dokuwiki/lib/plugins/dw2pdf/vendor/mpdf/mpdf/src/Mpdf.php(16413): Mpdf\Mpdf->WriteFlowingBlock()
  #4 /var/www/html/dokuwiki/lib/plugins/dw2pdf/vendor/mpdf/mpdf/src/Tag/BlockTag.php(1126): Mpdf\Mpdf->printbuffer()
  #5 /var/www/html/dokuwiki/lib/plugins/dw2pdf/vendor/mpdf/mpdf/src/Tag.php(247): Mpdf\Tag\BlockTag->close()
  #6 /var/www/html/dokuwiki/lib/plugins/dw2pdf/vendor/mpdf/mpdf/src/Mpdf.php(13718): Mpdf\Tag->CloseTag()
  #7 /var/www/html/dokuwiki/lib/plugins/dw2pdf/action.php(540): Mpdf\Mpdf->WriteHTML()
  #8 /var/www/html/dokuwiki/lib/plugins/dw2pdf/action.php(118): action_plugin_dw2pdf->generatePDF()
  #9 /var/www/html/dokuwiki/inc/Extension/EventHandler.php(80): action_plugin_dw2pdf->convert()
  #10 /var/www/html/dokuwiki/inc/Extension/Event.php(75): dokuwiki\Extension\EventHandler->process_event()
  #11 /var/www/html/dokuwiki/inc/ActionRouter.php(83): dokuwiki\Extension\Event->advise_before()
  #12 /var/www/html/dokuwiki/inc/ActionRouter.php(49): dokuwiki\ActionRouter->setupAction()
  #13 /var/www/html/dokuwiki/inc/ActionRouter.php(62): dokuwiki\ActionRouter->__construct()
  #14 /var/www/html/dokuwiki/inc/actions.php(19): dokuwiki\ActionRouter::getInstance()
  #15 /var/www/html/dokuwiki/doku.php(131): act_dispatch()
  #16 {main}
2025-03-27 21:21:46	/var/www/html/dokuwiki/lib/plugins/dw2pdf/vendor/mpdf/mpdf/src/Mpdf.php(9082)	E_WARNING: unserialize(): Extra data starting at offset 859 of 862 bytes
  #0 [internal function]: dokuwiki\ErrorHandler::errorHandler()
  #1 /var/www/html/dokuwiki/lib/plugins/dw2pdf/vendor/mpdf/mpdf/src/Mpdf.php(9082): unserialize()
  #2 /var/www/html/dokuwiki/lib/plugins/dw2pdf/vendor/mpdf/mpdf/src/Mpdf.php(19074): Mpdf\Mpdf->_getObjAttr()
  #3 /var/www/html/dokuwiki/lib/plugins/dw2pdf/vendor/mpdf/mpdf/src/Mpdf.php(19732): Mpdf\Mpdf->TableCheckMinWidth()
  #4 /var/www/html/dokuwiki/lib/plugins/dw2pdf/vendor/mpdf/mpdf/src/Tag/Table.php(761): Mpdf\Mpdf->_tableColumnWidth()
  #5 /var/www/html/dokuwiki/lib/plugins/dw2pdf/vendor/mpdf/mpdf/src/Tag.php(247): Mpdf\Tag\Table->close()
  #6 /var/www/html/dokuwiki/lib/plugins/dw2pdf/vendor/mpdf/mpdf/src/Mpdf.php(13718): Mpdf\Tag->CloseTag()
  #7 /var/www/html/dokuwiki/lib/plugins/dw2pdf/action.php(540): Mpdf\Mpdf->WriteHTML()
  #8 /var/www/html/dokuwiki/lib/plugins/dw2pdf/action.php(118): action_plugin_dw2pdf->generatePDF()
  #9 /var/www/html/dokuwiki/inc/Extension/EventHandler.php(80): action_plugin_dw2pdf->convert()
  #10 /var/www/html/dokuwiki/inc/Extension/Event.php(75): dokuwiki\Extension\EventHandler->process_event()
  #11 /var/www/html/dokuwiki/inc/ActionRouter.php(83): dokuwiki\Extension\Event->advise_before()
  #12 /var/www/html/dokuwiki/inc/ActionRouter.php(49): dokuwiki\ActionRouter->setupAction()
  #13 /var/www/html/dokuwiki/inc/ActionRouter.php(62): dokuwiki\ActionRouter->__construct()
  #14 /var/www/html/dokuwiki/inc/actions.php(19): dokuwiki\ActionRouter::getInstance()
  #15 /var/www/html/dokuwiki/doku.php(131): act_dispatch()
  #16 {main}
2025-03-27 21:21:46	/var/www/html/dokuwiki/lib/plugins/dw2pdf/vendor/mpdf/mpdf/src/Mpdf.php(9082)	E_WARNING: unserialize(): Extra data starting at offset 859 of 862 bytes
  #0 [internal function]: dokuwiki\ErrorHandler::errorHandler()
  #1 /var/www/html/dokuwiki/lib/plugins/dw2pdf/vendor/mpdf/mpdf/src/Mpdf.php(9082): unserialize()
  #2 /var/www/html/dokuwiki/lib/plugins/dw2pdf/vendor/mpdf/mpdf/src/Mpdf.php(19074): Mpdf\Mpdf->_getObjAttr()
  #3 /var/www/html/dokuwiki/lib/plugins/dw2pdf/vendor/mpdf/mpdf/src/Mpdf.php(19732): Mpdf\Mpdf->TableCheckMinWidth()
  #4 /var/www/html/dokuwiki/lib/plugins/dw2pdf/vendor/mpdf/mpdf/src/Tag/Table.php(788): Mpdf\Mpdf->_tableColumnWidth()
  #5 /var/www/html/dokuwiki/lib/plugins/dw2pdf/vendor/mpdf/mpdf/src/Tag.php(247): Mpdf\Tag\Table->close()
  #6 /var/www/html/dokuwiki/lib/plugins/dw2pdf/vendor/mpdf/mpdf/src/Mpdf.php(13718): Mpdf\Tag->CloseTag()
  #7 /var/www/html/dokuwiki/lib/plugins/dw2pdf/action.php(540): Mpdf\Mpdf->WriteHTML()
  #8 /var/www/html/dokuwiki/lib/plugins/dw2pdf/action.php(118): action_plugin_dw2pdf->generatePDF()
  #9 /var/www/html/dokuwiki/inc/Extension/EventHandler.php(80): action_plugin_dw2pdf->convert()
  #10 /var/www/html/dokuwiki/inc/Extension/Event.php(75): dokuwiki\Extension\EventHandler->process_event()
  #11 /var/www/html/dokuwiki/inc/ActionRouter.php(83): dokuwiki\Extension\Event->advise_before()
  #12 /var/www/html/dokuwiki/inc/ActionRouter.php(49): dokuwiki\ActionRouter->setupAction()
  #13 /var/www/html/dokuwiki/inc/ActionRouter.php(62): dokuwiki\ActionRouter->__construct()
  #14 /var/www/html/dokuwiki/inc/actions.php(19): dokuwiki\ActionRouter::getInstance()
  #15 /var/www/html/dokuwiki/doku.php(131): act_dispatch()
  #16 {main}
2025-03-27 21:21:46	/var/www/html/dokuwiki/lib/plugins/dw2pdf/vendor/mpdf/mpdf/src/Mpdf.php(9082)	E_WARNING: unserialize(): Extra data starting at offset 859 of 862 bytes
  #0 [internal function]: dokuwiki\ErrorHandler::errorHandler()
  #1 /var/www/html/dokuwiki/lib/plugins/dw2pdf/vendor/mpdf/mpdf/src/Mpdf.php(9082): unserialize()
  #2 /var/www/html/dokuwiki/lib/plugins/dw2pdf/vendor/mpdf/mpdf/src/Mpdf.php(16147): Mpdf\Mpdf->_getObjAttr()
  #3 /var/www/html/dokuwiki/lib/plugins/dw2pdf/vendor/mpdf/mpdf/src/Mpdf.php(20412): Mpdf\Mpdf->printbuffer()
  #4 /var/www/html/dokuwiki/lib/plugins/dw2pdf/vendor/mpdf/mpdf/src/Tag/Table.php(865): Mpdf\Mpdf->_tableHeight()
  #5 /var/www/html/dokuwiki/lib/plugins/dw2pdf/vendor/mpdf/mpdf/src/Tag.php(247): Mpdf\Tag\Table->close()
  #6 /var/www/html/dokuwiki/lib/plugins/dw2pdf/vendor/mpdf/mpdf/src/Mpdf.php(13718): Mpdf\Tag->CloseTag()
  #7 /var/www/html/dokuwiki/lib/plugins/dw2pdf/action.php(540): Mpdf\Mpdf->WriteHTML()
  #8 /var/www/html/dokuwiki/lib/plugins/dw2pdf/action.php(118): action_plugin_dw2pdf->generatePDF()
  #9 /var/www/html/dokuwiki/inc/Extension/EventHandler.php(80): action_plugin_dw2pdf->convert()
  #10 /var/www/html/dokuwiki/inc/Extension/Event.php(75): dokuwiki\Extension\EventHandler->process_event()
  #11 /var/www/html/dokuwiki/inc/ActionRouter.php(83): dokuwiki\Extension\Event->advise_before()
  #12 /var/www/html/dokuwiki/inc/ActionRouter.php(49): dokuwiki\ActionRouter->setupAction()
  #13 /var/www/html/dokuwiki/inc/ActionRouter.php(62): dokuwiki\ActionRouter->__construct()
  #14 /var/www/html/dokuwiki/inc/actions.php(19): dokuwiki\ActionRouter::getInstance()
  #15 /var/www/html/dokuwiki/doku.php(131): act_dispatch()
  #16 {main}
2025-03-27 21:21:46	/var/www/html/dokuwiki/lib/plugins/dw2pdf/vendor/mpdf/mpdf/src/Mpdf.php(9082)	E_WARNING: unserialize(): Extra data starting at offset 859 of 862 bytes
  #0 [internal function]: dokuwiki\ErrorHandler::errorHandler()
  #1 /var/www/html/dokuwiki/lib/plugins/dw2pdf/vendor/mpdf/mpdf/src/Mpdf.php(9082): unserialize()
  #2 /var/www/html/dokuwiki/lib/plugins/dw2pdf/vendor/mpdf/mpdf/src/Mpdf.php(7835): Mpdf\Mpdf->_getObjAttr()
  #3 /var/www/html/dokuwiki/lib/plugins/dw2pdf/vendor/mpdf/mpdf/src/Mpdf.php(16413): Mpdf\Mpdf->WriteFlowingBlock()
  #4 /var/www/html/dokuwiki/lib/plugins/dw2pdf/vendor/mpdf/mpdf/src/Mpdf.php(20412): Mpdf\Mpdf->printbuffer()
  #5 /var/www/html/dokuwiki/lib/plugins/dw2pdf/vendor/mpdf/mpdf/src/Tag/Table.php(865): Mpdf\Mpdf->_tableHeight()
  #6 /var/www/html/dokuwiki/lib/plugins/dw2pdf/vendor/mpdf/mpdf/src/Tag.php(247): Mpdf\Tag\Table->close()
  #7 /var/www/html/dokuwiki/lib/plugins/dw2pdf/vendor/mpdf/mpdf/src/Mpdf.php(13718): Mpdf\Tag->CloseTag()
  #8 /var/www/html/dokuwiki/lib/plugins/dw2pdf/action.php(540): Mpdf\Mpdf->WriteHTML()
  #9 /var/www/html/dokuwiki/lib/plugins/dw2pdf/action.php(118): action_plugin_dw2pdf->generatePDF()
  #10 /var/www/html/dokuwiki/inc/Extension/EventHandler.php(80): action_plugin_dw2pdf->convert()
  #11 /var/www/html/dokuwiki/inc/Extension/Event.php(75): dokuwiki\Extension\EventHandler->process_event()
  #12 /var/www/html/dokuwiki/inc/ActionRouter.php(83): dokuwiki\Extension\Event->advise_before()
  #13 /var/www/html/dokuwiki/inc/ActionRouter.php(49): dokuwiki\ActionRouter->setupAction()
  #14 /var/www/html/dokuwiki/inc/ActionRouter.php(62): dokuwiki\ActionRouter->__construct()
  #15 /var/www/html/dokuwiki/inc/actions.php(19): dokuwiki\ActionRouter::getInstance()
  #16 /var/www/html/dokuwiki/doku.php(131): act_dispatch()
  #17 {main}
2025-03-27 21:21:46	/var/www/html/dokuwiki/lib/plugins/dw2pdf/vendor/mpdf/mpdf/src/Mpdf.php(9082)	E_WARNING: unserialize(): Extra data starting at offset 859 of 862 bytes
  #0 [internal function]: dokuwiki\ErrorHandler::errorHandler()
  #1 /var/www/html/dokuwiki/lib/plugins/dw2pdf/vendor/mpdf/mpdf/src/Mpdf.php(9082): unserialize()
  #2 /var/www/html/dokuwiki/lib/plugins/dw2pdf/vendor/mpdf/mpdf/src/Mpdf.php(16147): Mpdf\Mpdf->_getObjAttr()
  #3 /var/www/html/dokuwiki/lib/plugins/dw2pdf/vendor/mpdf/mpdf/src/Mpdf.php(22990): Mpdf\Mpdf->printbuffer()
  #4 /var/www/html/dokuwiki/lib/plugins/dw2pdf/vendor/mpdf/mpdf/src/Tag/Table.php(1131): Mpdf\Mpdf->_tableWrite()
  #5 /var/www/html/dokuwiki/lib/plugins/dw2pdf/vendor/mpdf/mpdf/src/Tag.php(247): Mpdf\Tag\Table->close()
  #6 /var/www/html/dokuwiki/lib/plugins/dw2pdf/vendor/mpdf/mpdf/src/Mpdf.php(13718): Mpdf\Tag->CloseTag()
  #7 /var/www/html/dokuwiki/lib/plugins/dw2pdf/action.php(540): Mpdf\Mpdf->WriteHTML()
  #8 /var/www/html/dokuwiki/lib/plugins/dw2pdf/action.php(118): action_plugin_dw2pdf->generatePDF()
  #9 /var/www/html/dokuwiki/inc/Extension/EventHandler.php(80): action_plugin_dw2pdf->convert()
  #10 /var/www/html/dokuwiki/inc/Extension/Event.php(75): dokuwiki\Extension\EventHandler->process_event()
  #11 /var/www/html/dokuwiki/inc/ActionRouter.php(83): dokuwiki\Extension\Event->advise_before()
  #12 /var/www/html/dokuwiki/inc/ActionRouter.php(49): dokuwiki\ActionRouter->setupAction()
  #13 /var/www/html/dokuwiki/inc/ActionRouter.php(62): dokuwiki\ActionRouter->__construct()
  #14 /var/www/html/dokuwiki/inc/actions.php(19): dokuwiki\ActionRouter::getInstance()
  #15 /var/www/html/dokuwiki/doku.php(131): act_dispatch()
  #16 {main}
2025-03-27 21:21:46	/var/www/html/dokuwiki/lib/plugins/dw2pdf/vendor/mpdf/mpdf/src/Mpdf.php(9082)	E_WARNING: unserialize(): Extra data starting at offset 859 of 862 bytes
  #0 [internal function]: dokuwiki\ErrorHandler::errorHandler()
  #1 /var/www/html/dokuwiki/lib/plugins/dw2pdf/vendor/mpdf/mpdf/src/Mpdf.php(9082): unserialize()
  #2 /var/www/html/dokuwiki/lib/plugins/dw2pdf/vendor/mpdf/mpdf/src/Mpdf.php(7835): Mpdf\Mpdf->_getObjAttr()
  #3 /var/www/html/dokuwiki/lib/plugins/dw2pdf/vendor/mpdf/mpdf/src/Mpdf.php(16413): Mpdf\Mpdf->WriteFlowingBlock()
  #4 /var/www/html/dokuwiki/lib/plugins/dw2pdf/vendor/mpdf/mpdf/src/Mpdf.php(22990): Mpdf\Mpdf->printbuffer()
  #5 /var/www/html/dokuwiki/lib/plugins/dw2pdf/vendor/mpdf/mpdf/src/Tag/Table.php(1131): Mpdf\Mpdf->_tableWrite()
  #6 /var/www/html/dokuwiki/lib/plugins/dw2pdf/vendor/mpdf/mpdf/src/Tag.php(247): Mpdf\Tag\Table->close()
  #7 /var/www/html/dokuwiki/lib/plugins/dw2pdf/vendor/mpdf/mpdf/src/Mpdf.php(13718): Mpdf\Tag->CloseTag()
  #8 /var/www/html/dokuwiki/lib/plugins/dw2pdf/action.php(540): Mpdf\Mpdf->WriteHTML()
  #9 /var/www/html/dokuwiki/lib/plugins/dw2pdf/action.php(118): action_plugin_dw2pdf->generatePDF()
  #10 /var/www/html/dokuwiki/inc/Extension/EventHandler.php(80): action_plugin_dw2pdf->convert()
  #11 /var/www/html/dokuwiki/inc/Extension/Event.php(75): dokuwiki\Extension\EventHandler->process_event()
  #12 /var/www/html/dokuwiki/inc/ActionRouter.php(83): dokuwiki\Extension\Event->advise_before()
  #13 /var/www/html/dokuwiki/inc/ActionRouter.php(49): dokuwiki\ActionRouter->setupAction()
  #14 /var/www/html/dokuwiki/inc/ActionRouter.php(62): dokuwiki\ActionRouter->__construct()
  #15 /var/www/html/dokuwiki/inc/actions.php(19): dokuwiki\ActionRouter::getInstance()
  #16 /var/www/html/dokuwiki/doku.php(131): act_dispatch()
  #17 {main}
2025-03-27 21:22:46	/var/www/html/dokuwiki/lib/plugins/dw2pdf/vendor/mpdf/mpdf/src/Mpdf.php(9082)	E_WARNING: unserialize(): Extra data starting at offset 78 of 81 bytes
  #0 [internal function]: dokuwiki\ErrorHandler::errorHandler()
  #1 /var/www/html/dokuwiki/lib/plugins/dw2pdf/vendor/mpdf/mpdf/src/Mpdf.php(9082): unserialize()
  #2 /var/www/html/dokuwiki/lib/plugins/dw2pdf/vendor/mpdf/mpdf/src/Mpdf.php(16147): Mpdf\Mpdf->_getObjAttr()
  #3 /var/www/html/dokuwiki/lib/plugins/dw2pdf/vendor/mpdf/mpdf/src/Tag/BlockTag.php(1126): Mpdf\Mpdf->printbuffer()
  #4 /var/www/html/dokuwiki/lib/plugins/dw2pdf/vendor/mpdf/mpdf/src/Tag.php(247): Mpdf\Tag\BlockTag->close()
  #5 /var/www/html/dokuwiki/lib/plugins/dw2pdf/vendor/mpdf/mpdf/src/Mpdf.php(13718): Mpdf\Tag->CloseTag()
  #6 /var/www/html/dokuwiki/lib/plugins/dw2pdf/action.php(540): Mpdf\Mpdf->WriteHTML()
  #7 /var/www/html/dokuwiki/lib/plugins/dw2pdf/action.php(118): action_plugin_dw2pdf->generatePDF()
  #8 /var/www/html/dokuwiki/inc/Extension/EventHandler.php(80): action_plugin_dw2pdf->convert()
  #9 /var/www/html/dokuwiki/inc/Extension/Event.php(75): dokuwiki\Extension\EventHandler->process_event()
  #10 /var/www/html/dokuwiki/inc/ActionRouter.php(83): dokuwiki\Extension\Event->advise_before()
  #11 /var/www/html/dokuwiki/inc/ActionRouter.php(49): dokuwiki\ActionRouter->setupAction()
  #12 /var/www/html/dokuwiki/inc/ActionRouter.php(62): dokuwiki\ActionRouter->__construct()
  #13 /var/www/html/dokuwiki/inc/actions.php(19): dokuwiki\ActionRouter::getInstance()
  #14 /var/www/html/dokuwiki/doku.php(131): act_dispatch()
  #15 {main}
2025-03-27 21:22:46	/var/www/html/dokuwiki/lib/plugins/dw2pdf/vendor/mpdf/mpdf/src/Mpdf.php(9082)	E_WARNING: unserialize(): Extra data starting at offset 78 of 81 bytes
  #0 [internal function]: dokuwiki\ErrorHandler::errorHandler()
  #1 /var/www/html/dokuwiki/lib/plugins/dw2pdf/vendor/mpdf/mpdf/src/Mpdf.php(9082): unserialize()
  #2 /var/www/html/dokuwiki/lib/plugins/dw2pdf/vendor/mpdf/mpdf/src/Mpdf.php(7835): Mpdf\Mpdf->_getObjAttr()
  #3 /var/www/html/dokuwiki/lib/plugins/dw2pdf/vendor/mpdf/mpdf/src/Mpdf.php(16413): Mpdf\Mpdf->WriteFlowingBlock()
  #4 /var/www/html/dokuwiki/lib/plugins/dw2pdf/vendor/mpdf/mpdf/src/Tag/BlockTag.php(1126): Mpdf\Mpdf->printbuffer()
  #5 /var/www/html/dokuwiki/lib/plugins/dw2pdf/vendor/mpdf/mpdf/src/Tag.php(247): Mpdf\Tag\BlockTag->close()
  #6 /var/www/html/dokuwiki/lib/plugins/dw2pdf/vendor/mpdf/mpdf/src/Mpdf.php(13718): Mpdf\Tag->CloseTag()
  #7 /var/www/html/dokuwiki/lib/plugins/dw2pdf/action.php(540): Mpdf\Mpdf->WriteHTML()
  #8 /var/www/html/dokuwiki/lib/plugins/dw2pdf/action.php(118): action_plugin_dw2pdf->generatePDF()
  #9 /var/www/html/dokuwiki/inc/Extension/EventHandler.php(80): action_plugin_dw2pdf->convert()
  #10 /var/www/html/dokuwiki/inc/Extension/Event.php(75): dokuwiki\Extension\EventHandler->process_event()
  #11 /var/www/html/dokuwiki/inc/ActionRouter.php(83): dokuwiki\Extension\Event->advise_before()
  #12 /var/www/html/dokuwiki/inc/ActionRouter.php(49): dokuwiki\ActionRouter->setupAction()
  #13 /var/www/html/dokuwiki/inc/ActionRouter.php(62): dokuwiki\ActionRouter->__construct()
  #14 /var/www/html/dokuwiki/inc/actions.php(19): dokuwiki\ActionRouter::getInstance()
  #15 /var/www/html/dokuwiki/doku.php(131): act_dispatch()
  #16 {main}
2025-03-27 21:22:46	/var/www/html/dokuwiki/lib/plugins/dw2pdf/vendor/mpdf/mpdf/src/Mpdf.php(9082)	E_WARNING: unserialize(): Extra data starting at offset 83 of 86 bytes
  #0 [internal function]: dokuwiki\ErrorHandler::errorHandler()
  #1 /var/www/html/dokuwiki/lib/plugins/dw2pdf/vendor/mpdf/mpdf/src/Mpdf.php(9082): unserialize()
  #2 /var/www/html/dokuwiki/lib/plugins/dw2pdf/vendor/mpdf/mpdf/src/Mpdf.php(16147): Mpdf\Mpdf->_getObjAttr()
  #3 /var/www/html/dokuwiki/lib/plugins/dw2pdf/vendor/mpdf/mpdf/src/Tag/BlockTag.php(1126): Mpdf\Mpdf->printbuffer()
  #4 /var/www/html/dokuwiki/lib/plugins/dw2pdf/vendor/mpdf/mpdf/src/Tag.php(247): Mpdf\Tag\BlockTag->close()
  #5 /var/www/html/dokuwiki/lib/plugins/dw2pdf/vendor/mpdf/mpdf/src/Mpdf.php(13718): Mpdf\Tag->CloseTag()
  #6 /var/www/html/dokuwiki/lib/plugins/dw2pdf/action.php(540): Mpdf\Mpdf->WriteHTML()
  #7 /var/www/html/dokuwiki/lib/plugins/dw2pdf/action.php(118): action_plugin_dw2pdf->generatePDF()
  #8 /var/www/html/dokuwiki/inc/Extension/EventHandler.php(80): action_plugin_dw2pdf->convert()
  #9 /var/www/html/dokuwiki/inc/Extension/Event.php(75): dokuwiki\Extension\EventHandler->process_event()
  #10 /var/www/html/dokuwiki/inc/ActionRouter.php(83): dokuwiki\Extension\Event->advise_before()
  #11 /var/www/html/dokuwiki/inc/ActionRouter.php(49): dokuwiki\ActionRouter->setupAction()
  #12 /var/www/html/dokuwiki/inc/ActionRouter.php(62): dokuwiki\ActionRouter->__construct()
  #13 /var/www/html/dokuwiki/inc/actions.php(19): dokuwiki\ActionRouter::getInstance()
  #14 /var/www/html/dokuwiki/doku.php(131): act_dispatch()
  #15 {main}
2025-03-27 21:22:46	/var/www/html/dokuwiki/lib/plugins/dw2pdf/vendor/mpdf/mpdf/src/Mpdf.php(9082)	E_WARNING: unserialize(): Extra data starting at offset 83 of 86 bytes
  #0 [internal function]: dokuwiki\ErrorHandler::errorHandler()
  #1 /var/www/html/dokuwiki/lib/plugins/dw2pdf/vendor/mpdf/mpdf/src/Mpdf.php(9082): unserialize()
  #2 /var/www/html/dokuwiki/lib/plugins/dw2pdf/vendor/mpdf/mpdf/src/Mpdf.php(7835): Mpdf\Mpdf->_getObjAttr()
  #3 /var/www/html/dokuwiki/lib/plugins/dw2pdf/vendor/mpdf/mpdf/src/Mpdf.php(16413): Mpdf\Mpdf->WriteFlowingBlock()
  #4 /var/www/html/dokuwiki/lib/plugins/dw2pdf/vendor/mpdf/mpdf/src/Tag/BlockTag.php(1126): Mpdf\Mpdf->printbuffer()
  #5 /var/www/html/dokuwiki/lib/plugins/dw2pdf/vendor/mpdf/mpdf/src/Tag.php(247): Mpdf\Tag\BlockTag->close()
  #6 /var/www/html/dokuwiki/lib/plugins/dw2pdf/vendor/mpdf/mpdf/src/Mpdf.php(13718): Mpdf\Tag->CloseTag()
  #7 /var/www/html/dokuwiki/lib/plugins/dw2pdf/action.php(540): Mpdf\Mpdf->WriteHTML()
  #8 /var/www/html/dokuwiki/lib/plugins/dw2pdf/action.php(118): action_plugin_dw2pdf->generatePDF()
  #9 /var/www/html/dokuwiki/inc/Extension/EventHandler.php(80): action_plugin_dw2pdf->convert()
  #10 /var/www/html/dokuwiki/inc/Extension/Event.php(75): dokuwiki\Extension\EventHandler->process_event()
  #11 /var/www/html/dokuwiki/inc/ActionRouter.php(83): dokuwiki\Extension\Event->advise_before()
  #12 /var/www/html/dokuwiki/inc/ActionRouter.php(49): dokuwiki\ActionRouter->setupAction()
  #13 /var/www/html/dokuwiki/inc/ActionRouter.php(62): dokuwiki\ActionRouter->__construct()
  #14 /var/www/html/dokuwiki/inc/actions.php(19): dokuwiki\ActionRouter::getInstance()
  #15 /var/www/html/dokuwiki/doku.php(131): act_dispatch()
  #16 {main}
2025-03-27 21:22:46	/var/www/html/dokuwiki/lib/plugins/dw2pdf/vendor/mpdf/mpdf/src/Mpdf.php(9082)	E_WARNING: unserialize(): Extra data starting at offset 843 of 846 bytes
  #0 [internal function]: dokuwiki\ErrorHandler::errorHandler()
  #1 /var/www/html/dokuwiki/lib/plugins/dw2pdf/vendor/mpdf/mpdf/src/Mpdf.php(9082): unserialize()
  #2 /var/www/html/dokuwiki/lib/plugins/dw2pdf/vendor/mpdf/mpdf/src/Mpdf.php(19074): Mpdf\Mpdf->_getObjAttr()
  #3 /var/www/html/dokuwiki/lib/plugins/dw2pdf/vendor/mpdf/mpdf/src/Mpdf.php(19732): Mpdf\Mpdf->TableCheckMinWidth()
  #4 /var/www/html/dokuwiki/lib/plugins/dw2pdf/vendor/mpdf/mpdf/src/Tag/Table.php(761): Mpdf\Mpdf->_tableColumnWidth()
  #5 /var/www/html/dokuwiki/lib/plugins/dw2pdf/vendor/mpdf/mpdf/src/Tag.php(247): Mpdf\Tag\Table->close()
  #6 /var/www/html/dokuwiki/lib/plugins/dw2pdf/vendor/mpdf/mpdf/src/Mpdf.php(13718): Mpdf\Tag->CloseTag()
  #7 /var/www/html/dokuwiki/lib/plugins/dw2pdf/action.php(540): Mpdf\Mpdf->WriteHTML()
  #8 /var/www/html/dokuwiki/lib/plugins/dw2pdf/action.php(118): action_plugin_dw2pdf->generatePDF()
  #9 /var/www/html/dokuwiki/inc/Extension/EventHandler.php(80): action_plugin_dw2pdf->convert()
  #10 /var/www/html/dokuwiki/inc/Extension/Event.php(75): dokuwiki\Extension\EventHandler->process_event()
  #11 /var/www/html/dokuwiki/inc/ActionRouter.php(83): dokuwiki\Extension\Event->advise_before()
  #12 /var/www/html/dokuwiki/inc/ActionRouter.php(49): dokuwiki\ActionRouter->setupAction()
  #13 /var/www/html/dokuwiki/inc/ActionRouter.php(62): dokuwiki\ActionRouter->__construct()
  #14 /var/www/html/dokuwiki/inc/actions.php(19): dokuwiki\ActionRouter::getInstance()
  #15 /var/www/html/dokuwiki/doku.php(131): act_dispatch()
  #16 {main}
2025-03-27 21:22:46	/var/www/html/dokuwiki/lib/plugins/dw2pdf/vendor/mpdf/mpdf/src/Mpdf.php(9082)	E_WARNING: unserialize(): Extra data starting at offset 843 of 846 bytes
  #0 [internal function]: dokuwiki\ErrorHandler::errorHandler()
  #1 /var/www/html/dokuwiki/lib/plugins/dw2pdf/vendor/mpdf/mpdf/src/Mpdf.php(9082): unserialize()
  #2 /var/www/html/dokuwiki/lib/plugins/dw2pdf/vendor/mpdf/mpdf/src/Mpdf.php(19074): Mpdf\Mpdf->_getObjAttr()
  #3 /var/www/html/dokuwiki/lib/plugins/dw2pdf/vendor/mpdf/mpdf/src/Mpdf.php(19732): Mpdf\Mpdf->TableCheckMinWidth()
  #4 /var/www/html/dokuwiki/lib/plugins/dw2pdf/vendor/mpdf/mpdf/src/Tag/Table.php(788): Mpdf\Mpdf->_tableColumnWidth()
  #5 /var/www/html/dokuwiki/lib/plugins/dw2pdf/vendor/mpdf/mpdf/src/Tag.php(247): Mpdf\Tag\Table->close()
  #6 /var/www/html/dokuwiki/lib/plugins/dw2pdf/vendor/mpdf/mpdf/src/Mpdf.php(13718): Mpdf\Tag->CloseTag()
  #7 /var/www/html/dokuwiki/lib/plugins/dw2pdf/action.php(540): Mpdf\Mpdf->WriteHTML()
  #8 /var/www/html/dokuwiki/lib/plugins/dw2pdf/action.php(118): action_plugin_dw2pdf->generatePDF()
  #9 /var/www/html/dokuwiki/inc/Extension/EventHandler.php(80): action_plugin_dw2pdf->convert()
  #10 /var/www/html/dokuwiki/inc/Extension/Event.php(75): dokuwiki\Extension\EventHandler->process_event()
  #11 /var/www/html/dokuwiki/inc/ActionRouter.php(83): dokuwiki\Extension\Event->advise_before()
  #12 /var/www/html/dokuwiki/inc/ActionRouter.php(49): dokuwiki\ActionRouter->setupAction()
  #13 /var/www/html/dokuwiki/inc/ActionRouter.php(62): dokuwiki\ActionRouter->__construct()
  #14 /var/www/html/dokuwiki/inc/actions.php(19): dokuwiki\ActionRouter::getInstance()
  #15 /var/www/html/dokuwiki/doku.php(131): act_dispatch()
  #16 {main}
2025-03-27 21:22:46	/var/www/html/dokuwiki/lib/plugins/dw2pdf/vendor/mpdf/mpdf/src/Mpdf.php(9082)	E_WARNING: unserialize(): Extra data starting at offset 843 of 846 bytes
  #0 [internal function]: dokuwiki\ErrorHandler::errorHandler()
  #1 /var/www/html/dokuwiki/lib/plugins/dw2pdf/vendor/mpdf/mpdf/src/Mpdf.php(9082): unserialize()
  #2 /var/www/html/dokuwiki/lib/plugins/dw2pdf/vendor/mpdf/mpdf/src/Mpdf.php(16147): Mpdf\Mpdf->_getObjAttr()
  #3 /var/www/html/dokuwiki/lib/plugins/dw2pdf/vendor/mpdf/mpdf/src/Mpdf.php(20412): Mpdf\Mpdf->printbuffer()
  #4 /var/www/html/dokuwiki/lib/plugins/dw2pdf/vendor/mpdf/mpdf/src/Tag/Table.php(865): Mpdf\Mpdf->_tableHeight()
  #5 /var/www/html/dokuwiki/lib/plugins/dw2pdf/vendor/mpdf/mpdf/src/Tag.php(247): Mpdf\Tag\Table->close()
  #6 /var/www/html/dokuwiki/lib/plugins/dw2pdf/vendor/mpdf/mpdf/src/Mpdf.php(13718): Mpdf\Tag->CloseTag()
  #7 /var/www/html/dokuwiki/lib/plugins/dw2pdf/action.php(540): Mpdf\Mpdf->WriteHTML()
  #8 /var/www/html/dokuwiki/lib/plugins/dw2pdf/action.php(118): action_plugin_dw2pdf->generatePDF()
  #9 /var/www/html/dokuwiki/inc/Extension/EventHandler.php(80): action_plugin_dw2pdf->convert()
  #10 /var/www/html/dokuwiki/inc/Extension/Event.php(75): dokuwiki\Extension\EventHandler->process_event()
  #11 /var/www/html/dokuwiki/inc/ActionRouter.php(83): dokuwiki\Extension\Event->advise_before()
  #12 /var/www/html/dokuwiki/inc/ActionRouter.php(49): dokuwiki\ActionRouter->setupAction()
  #13 /var/www/html/dokuwiki/inc/ActionRouter.php(62): dokuwiki\ActionRouter->__construct()
  #14 /var/www/html/dokuwiki/inc/actions.php(19): dokuwiki\ActionRouter::getInstance()
  #15 /var/www/html/dokuwiki/doku.php(131): act_dispatch()
  #16 {main}
2025-03-27 21:22:46	/var/www/html/dokuwiki/lib/plugins/dw2pdf/vendor/mpdf/mpdf/src/Mpdf.php(9082)	E_WARNING: unserialize(): Extra data starting at offset 843 of 846 bytes
  #0 [internal function]: dokuwiki\ErrorHandler::errorHandler()
  #1 /var/www/html/dokuwiki/lib/plugins/dw2pdf/vendor/mpdf/mpdf/src/Mpdf.php(9082): unserialize()
  #2 /var/www/html/dokuwiki/lib/plugins/dw2pdf/vendor/mpdf/mpdf/src/Mpdf.php(7835): Mpdf\Mpdf->_getObjAttr()
  #3 /var/www/html/dokuwiki/lib/plugins/dw2pdf/vendor/mpdf/mpdf/src/Mpdf.php(16413): Mpdf\Mpdf->WriteFlowingBlock()
  #4 /var/www/html/dokuwiki/lib/plugins/dw2pdf/vendor/mpdf/mpdf/src/Mpdf.php(20412): Mpdf\Mpdf->printbuffer()
  #5 /var/www/html/dokuwiki/lib/plugins/dw2pdf/vendor/mpdf/mpdf/src/Tag/Table.php(865): Mpdf\Mpdf->_tableHeight()
  #6 /var/www/html/dokuwiki/lib/plugins/dw2pdf/vendor/mpdf/mpdf/src/Tag.php(247): Mpdf\Tag\Table->close()
  #7 /var/www/html/dokuwiki/lib/plugins/dw2pdf/vendor/mpdf/mpdf/src/Mpdf.php(13718): Mpdf\Tag->CloseTag()
  #8 /var/www/html/dokuwiki/lib/plugins/dw2pdf/action.php(540): Mpdf\Mpdf->WriteHTML()
  #9 /var/www/html/dokuwiki/lib/plugins/dw2pdf/action.php(118): action_plugin_dw2pdf->generatePDF()
  #10 /var/www/html/dokuwiki/inc/Extension/EventHandler.php(80): action_plugin_dw2pdf->convert()
  #11 /var/www/html/dokuwiki/inc/Extension/Event.php(75): dokuwiki\Extension\EventHandler->process_event()
  #12 /var/www/html/dokuwiki/inc/ActionRouter.php(83): dokuwiki\Extension\Event->advise_before()
  #13 /var/www/html/dokuwiki/inc/ActionRouter.php(49): dokuwiki\ActionRouter->setupAction()
  #14 /var/www/html/dokuwiki/inc/ActionRouter.php(62): dokuwiki\ActionRouter->__construct()
  #15 /var/www/html/dokuwiki/inc/actions.php(19): dokuwiki\ActionRouter::getInstance()
  #16 /var/www/html/dokuwiki/doku.php(131): act_dispatch()
  #17 {main}
2025-03-27 21:22:46	/var/www/html/dokuwiki/lib/plugins/dw2pdf/vendor/mpdf/mpdf/src/Mpdf.php(9082)	E_WARNING: unserialize(): Extra data starting at offset 843 of 846 bytes
  #0 [internal function]: dokuwiki\ErrorHandler::errorHandler()
  #1 /var/www/html/dokuwiki/lib/plugins/dw2pdf/vendor/mpdf/mpdf/src/Mpdf.php(9082): unserialize()
  #2 /var/www/html/dokuwiki/lib/plugins/dw2pdf/vendor/mpdf/mpdf/src/Mpdf.php(16147): Mpdf\Mpdf->_getObjAttr()
  #3 /var/www/html/dokuwiki/lib/plugins/dw2pdf/vendor/mpdf/mpdf/src/Mpdf.php(22990): Mpdf\Mpdf->printbuffer()
  #4 /var/www/html/dokuwiki/lib/plugins/dw2pdf/vendor/mpdf/mpdf/src/Tag/Table.php(1131): Mpdf\Mpdf->_tableWrite()
  #5 /var/www/html/dokuwiki/lib/plugins/dw2pdf/vendor/mpdf/mpdf/src/Tag.php(247): Mpdf\Tag\Table->close()
  #6 /var/www/html/dokuwiki/lib/plugins/dw2pdf/vendor/mpdf/mpdf/src/Mpdf.php(13718): Mpdf\Tag->CloseTag()
  #7 /var/www/html/dokuwiki/lib/plugins/dw2pdf/action.php(540): Mpdf\Mpdf->WriteHTML()
  #8 /var/www/html/dokuwiki/lib/plugins/dw2pdf/action.php(118): action_plugin_dw2pdf->generatePDF()
  #9 /var/www/html/dokuwiki/inc/Extension/EventHandler.php(80): action_plugin_dw2pdf->convert()
  #10 /var/www/html/dokuwiki/inc/Extension/Event.php(75): dokuwiki\Extension\EventHandler->process_event()
  #11 /var/www/html/dokuwiki/inc/ActionRouter.php(83): dokuwiki\Extension\Event->advise_before()
  #12 /var/www/html/dokuwiki/inc/ActionRouter.php(49): dokuwiki\ActionRouter->setupAction()
  #13 /var/www/html/dokuwiki/inc/ActionRouter.php(62): dokuwiki\ActionRouter->__construct()
  #14 /var/www/html/dokuwiki/inc/actions.php(19): dokuwiki\ActionRouter::getInstance()
  #15 /var/www/html/dokuwiki/doku.php(131): act_dispatch()
  #16 {main}
2025-03-27 21:22:46	/var/www/html/dokuwiki/lib/plugins/dw2pdf/vendor/mpdf/mpdf/src/Mpdf.php(9082)	E_WARNING: unserialize(): Extra data starting at offset 843 of 846 bytes
  #0 [internal function]: dokuwiki\ErrorHandler::errorHandler()
  #1 /var/www/html/dokuwiki/lib/plugins/dw2pdf/vendor/mpdf/mpdf/src/Mpdf.php(9082): unserialize()
  #2 /var/www/html/dokuwiki/lib/plugins/dw2pdf/vendor/mpdf/mpdf/src/Mpdf.php(7835): Mpdf\Mpdf->_getObjAttr()
  #3 /var/www/html/dokuwiki/lib/plugins/dw2pdf/vendor/mpdf/mpdf/src/Mpdf.php(16413): Mpdf\Mpdf->WriteFlowingBlock()
  #4 /var/www/html/dokuwiki/lib/plugins/dw2pdf/vendor/mpdf/mpdf/src/Mpdf.php(22990): Mpdf\Mpdf->printbuffer()
  #5 /var/www/html/dokuwiki/lib/plugins/dw2pdf/vendor/mpdf/mpdf/src/Tag/Table.php(1131): Mpdf\Mpdf->_tableWrite()
  #6 /var/www/html/dokuwiki/lib/plugins/dw2pdf/vendor/mpdf/mpdf/src/Tag.php(247): Mpdf\Tag\Table->close()
  #7 /var/www/html/dokuwiki/lib/plugins/dw2pdf/vendor/mpdf/mpdf/src/Mpdf.php(13718): Mpdf\Tag->CloseTag()
  #8 /var/www/html/dokuwiki/lib/plugins/dw2pdf/action.php(540): Mpdf\Mpdf->WriteHTML()
  #9 /var/www/html/dokuwiki/lib/plugins/dw2pdf/action.php(118): action_plugin_dw2pdf->generatePDF()
  #10 /var/www/html/dokuwiki/inc/Extension/EventHandler.php(80): action_plugin_dw2pdf->convert()
  #11 /var/www/html/dokuwiki/inc/Extension/Event.php(75): dokuwiki\Extension\EventHandler->process_event()
  #12 /var/www/html/dokuwiki/inc/ActionRouter.php(83): dokuwiki\Extension\Event->advise_before()
  #13 /var/www/html/dokuwiki/inc/ActionRouter.php(49): dokuwiki\ActionRouter->setupAction()
  #14 /var/www/html/dokuwiki/inc/ActionRouter.php(62): dokuwiki\ActionRouter->__construct()
  #15 /var/www/html/dokuwiki/inc/actions.php(19): dokuwiki\ActionRouter::getInstance()
  #16 /var/www/html/dokuwiki/doku.php(131): act_dispatch()
  #17 {main}
2025-03-27 21:24:29	/var/www/html/dokuwiki/lib/plugins/dw2pdf/vendor/mpdf/mpdf/src/Mpdf.php(9082)	E_WARNING: unserialize(): Extra data starting at offset 86 of 89 bytes
  #0 [internal function]: dokuwiki\ErrorHandler::errorHandler()
  #1 /var/www/html/dokuwiki/lib/plugins/dw2pdf/vendor/mpdf/mpdf/src/Mpdf.php(9082): unserialize()
  #2 /var/www/html/dokuwiki/lib/plugins/dw2pdf/vendor/mpdf/mpdf/src/Mpdf.php(16147): Mpdf\Mpdf->_getObjAttr()
  #3 /var/www/html/dokuwiki/lib/plugins/dw2pdf/vendor/mpdf/mpdf/src/Tag/BlockTag.php(1126): Mpdf\Mpdf->printbuffer()
  #4 /var/www/html/dokuwiki/lib/plugins/dw2pdf/vendor/mpdf/mpdf/src/Tag.php(247): Mpdf\Tag\BlockTag->close()
  #5 /var/www/html/dokuwiki/lib/plugins/dw2pdf/vendor/mpdf/mpdf/src/Mpdf.php(13718): Mpdf\Tag->CloseTag()
  #6 /var/www/html/dokuwiki/lib/plugins/dw2pdf/action.php(540): Mpdf\Mpdf->WriteHTML()
  #7 /var/www/html/dokuwiki/lib/plugins/dw2pdf/action.php(118): action_plugin_dw2pdf->generatePDF()
  #8 /var/www/html/dokuwiki/inc/Extension/EventHandler.php(80): action_plugin_dw2pdf->convert()
  #9 /var/www/html/dokuwiki/inc/Extension/Event.php(75): dokuwiki\Extension\EventHandler->process_event()
  #10 /var/www/html/dokuwiki/inc/ActionRouter.php(83): dokuwiki\Extension\Event->advise_before()
  #11 /var/www/html/dokuwiki/inc/ActionRouter.php(49): dokuwiki\ActionRouter->setupAction()
  #12 /var/www/html/dokuwiki/inc/ActionRouter.php(62): dokuwiki\ActionRouter->__construct()
  #13 /var/www/html/dokuwiki/inc/actions.php(19): dokuwiki\ActionRouter::getInstance()
  #14 /var/www/html/dokuwiki/doku.php(131): act_dispatch()
  #15 {main}
2025-03-27 21:24:29	/var/www/html/dokuwiki/lib/plugins/dw2pdf/vendor/mpdf/mpdf/src/Mpdf.php(9082)	E_WARNING: unserialize(): Extra data starting at offset 86 of 89 bytes
  #0 [internal function]: dokuwiki\ErrorHandler::errorHandler()
  #1 /var/www/html/dokuwiki/lib/plugins/dw2pdf/vendor/mpdf/mpdf/src/Mpdf.php(9082): unserialize()
  #2 /var/www/html/dokuwiki/lib/plugins/dw2pdf/vendor/mpdf/mpdf/src/Mpdf.php(7835): Mpdf\Mpdf->_getObjAttr()
  #3 /var/www/html/dokuwiki/lib/plugins/dw2pdf/vendor/mpdf/mpdf/src/Mpdf.php(16413): Mpdf\Mpdf->WriteFlowingBlock()
  #4 /var/www/html/dokuwiki/lib/plugins/dw2pdf/vendor/mpdf/mpdf/src/Tag/BlockTag.php(1126): Mpdf\Mpdf->printbuffer()
  #5 /var/www/html/dokuwiki/lib/plugins/dw2pdf/vendor/mpdf/mpdf/src/Tag.php(247): Mpdf\Tag\BlockTag->close()
  #6 /var/www/html/dokuwiki/lib/plugins/dw2pdf/vendor/mpdf/mpdf/src/Mpdf.php(13718): Mpdf\Tag->CloseTag()
  #7 /var/www/html/dokuwiki/lib/plugins/dw2pdf/action.php(540): Mpdf\Mpdf->WriteHTML()
  #8 /var/www/html/dokuwiki/lib/plugins/dw2pdf/action.php(118): action_plugin_dw2pdf->generatePDF()
  #9 /var/www/html/dokuwiki/inc/Extension/EventHandler.php(80): action_plugin_dw2pdf->convert()
  #10 /var/www/html/dokuwiki/inc/Extension/Event.php(75): dokuwiki\Extension\EventHandler->process_event()
  #11 /var/www/html/dokuwiki/inc/ActionRouter.php(83): dokuwiki\Extension\Event->advise_before()
  #12 /var/www/html/dokuwiki/inc/ActionRouter.php(49): dokuwiki\ActionRouter->setupAction()
  #13 /var/www/html/dokuwiki/inc/ActionRouter.php(62): dokuwiki\ActionRouter->__construct()
  #14 /var/www/html/dokuwiki/inc/actions.php(19): dokuwiki\ActionRouter::getInstance()
  #15 /var/www/html/dokuwiki/doku.php(131): act_dispatch()
  #16 {main}
2025-03-27 21:24:29	/var/www/html/dokuwiki/lib/plugins/dw2pdf/vendor/mpdf/mpdf/src/Mpdf.php(9082)	E_WARNING: unserialize(): Extra data starting at offset 86 of 89 bytes
  #0 [internal function]: dokuwiki\ErrorHandler::errorHandler()
  #1 /var/www/html/dokuwiki/lib/plugins/dw2pdf/vendor/mpdf/mpdf/src/Mpdf.php(9082): unserialize()
  #2 /var/www/html/dokuwiki/lib/plugins/dw2pdf/vendor/mpdf/mpdf/src/Mpdf.php(16147): Mpdf\Mpdf->_getObjAttr()
  #3 /var/www/html/dokuwiki/lib/plugins/dw2pdf/vendor/mpdf/mpdf/src/Tag/BlockTag.php(1126): Mpdf\Mpdf->printbuffer()
  #4 /var/www/html/dokuwiki/lib/plugins/dw2pdf/vendor/mpdf/mpdf/src/Tag.php(247): Mpdf\Tag\BlockTag->close()
  #5 /var/www/html/dokuwiki/lib/plugins/dw2pdf/vendor/mpdf/mpdf/src/Mpdf.php(13718): Mpdf\Tag->CloseTag()
  #6 /var/www/html/dokuwiki/lib/plugins/dw2pdf/action.php(540): Mpdf\Mpdf->WriteHTML()
  #7 /var/www/html/dokuwiki/lib/plugins/dw2pdf/action.php(118): action_plugin_dw2pdf->generatePDF()
  #8 /var/www/html/dokuwiki/inc/Extension/EventHandler.php(80): action_plugin_dw2pdf->convert()
  #9 /var/www/html/dokuwiki/inc/Extension/Event.php(75): dokuwiki\Extension\EventHandler->process_event()
  #10 /var/www/html/dokuwiki/inc/ActionRouter.php(83): dokuwiki\Extension\Event->advise_before()
  #11 /var/www/html/dokuwiki/inc/ActionRouter.php(49): dokuwiki\ActionRouter->setupAction()
  #12 /var/www/html/dokuwiki/inc/ActionRouter.php(62): dokuwiki\ActionRouter->__construct()
  #13 /var/www/html/dokuwiki/inc/actions.php(19): dokuwiki\ActionRouter::getInstance()
  #14 /var/www/html/dokuwiki/doku.php(131): act_dispatch()
  #15 {main}
2025-03-27 21:24:29	/var/www/html/dokuwiki/lib/plugins/dw2pdf/vendor/mpdf/mpdf/src/Mpdf.php(9082)	E_WARNING: unserialize(): Extra data starting at offset 86 of 89 bytes
  #0 [internal function]: dokuwiki\ErrorHandler::errorHandler()
  #1 /var/www/html/dokuwiki/lib/plugins/dw2pdf/vendor/mpdf/mpdf/src/Mpdf.php(9082): unserialize()
  #2 /var/www/html/dokuwiki/lib/plugins/dw2pdf/vendor/mpdf/mpdf/src/Mpdf.php(7835): Mpdf\Mpdf->_getObjAttr()
  #3 /var/www/html/dokuwiki/lib/plugins/dw2pdf/vendor/mpdf/mpdf/src/Mpdf.php(16413): Mpdf\Mpdf->WriteFlowingBlock()
  #4 /var/www/html/dokuwiki/lib/plugins/dw2pdf/vendor/mpdf/mpdf/src/Tag/BlockTag.php(1126): Mpdf\Mpdf->printbuffer()
  #5 /var/www/html/dokuwiki/lib/plugins/dw2pdf/vendor/mpdf/mpdf/src/Tag.php(247): Mpdf\Tag\BlockTag->close()
  #6 /var/www/html/dokuwiki/lib/plugins/dw2pdf/vendor/mpdf/mpdf/src/Mpdf.php(13718): Mpdf\Tag->CloseTag()
  #7 /var/www/html/dokuwiki/lib/plugins/dw2pdf/action.php(540): Mpdf\Mpdf->WriteHTML()
  #8 /var/www/html/dokuwiki/lib/plugins/dw2pdf/action.php(118): action_plugin_dw2pdf->generatePDF()
  #9 /var/www/html/dokuwiki/inc/Extension/EventHandler.php(80): action_plugin_dw2pdf->convert()
  #10 /var/www/html/dokuwiki/inc/Extension/Event.php(75): dokuwiki\Extension\EventHandler->process_event()
  #11 /var/www/html/dokuwiki/inc/ActionRouter.php(83): dokuwiki\Extension\Event->advise_before()
  #12 /var/www/html/dokuwiki/inc/ActionRouter.php(49): dokuwiki\ActionRouter->setupAction()
  #13 /var/www/html/dokuwiki/inc/ActionRouter.php(62): dokuwiki\ActionRouter->__construct()
  #14 /var/www/html/dokuwiki/inc/actions.php(19): dokuwiki\ActionRouter::getInstance()
  #15 /var/www/html/dokuwiki/doku.php(131): act_dispatch()
  #16 {main}
2025-03-27 21:24:29	/var/www/html/dokuwiki/lib/plugins/dw2pdf/vendor/mpdf/mpdf/src/Mpdf.php(9082)	E_WARNING: unserialize(): Extra data starting at offset 89 of 92 bytes
  #0 [internal function]: dokuwiki\ErrorHandler::errorHandler()
  #1 /var/www/html/dokuwiki/lib/plugins/dw2pdf/vendor/mpdf/mpdf/src/Mpdf.php(9082): unserialize()
  #2 /var/www/html/dokuwiki/lib/plugins/dw2pdf/vendor/mpdf/mpdf/src/Mpdf.php(16147): Mpdf\Mpdf->_getObjAttr()
  #3 /var/www/html/dokuwiki/lib/plugins/dw2pdf/vendor/mpdf/mpdf/src/Tag/BlockTag.php(1126): Mpdf\Mpdf->printbuffer()
  #4 /var/www/html/dokuwiki/lib/plugins/dw2pdf/vendor/mpdf/mpdf/src/Tag.php(247): Mpdf\Tag\BlockTag->close()
  #5 /var/www/html/dokuwiki/lib/plugins/dw2pdf/vendor/mpdf/mpdf/src/Mpdf.php(13718): Mpdf\Tag->CloseTag()
  #6 /var/www/html/dokuwiki/lib/plugins/dw2pdf/action.php(540): Mpdf\Mpdf->WriteHTML()
  #7 /var/www/html/dokuwiki/lib/plugins/dw2pdf/action.php(118): action_plugin_dw2pdf->generatePDF()
  #8 /var/www/html/dokuwiki/inc/Extension/EventHandler.php(80): action_plugin_dw2pdf->convert()
  #9 /var/www/html/dokuwiki/inc/Extension/Event.php(75): dokuwiki\Extension\EventHandler->process_event()
  #10 /var/www/html/dokuwiki/inc/ActionRouter.php(83): dokuwiki\Extension\Event->advise_before()
  #11 /var/www/html/dokuwiki/inc/ActionRouter.php(49): dokuwiki\ActionRouter->setupAction()
  #12 /var/www/html/dokuwiki/inc/ActionRouter.php(62): dokuwiki\ActionRouter->__construct()
  #13 /var/www/html/dokuwiki/inc/actions.php(19): dokuwiki\ActionRouter::getInstance()
  #14 /var/www/html/dokuwiki/doku.php(131): act_dispatch()
  #15 {main}
2025-03-27 21:24:29	/var/www/html/dokuwiki/lib/plugins/dw2pdf/vendor/mpdf/mpdf/src/Mpdf.php(9082)	E_WARNING: unserialize(): Extra data starting at offset 89 of 92 bytes
  #0 [internal function]: dokuwiki\ErrorHandler::errorHandler()
  #1 /var/www/html/dokuwiki/lib/plugins/dw2pdf/vendor/mpdf/mpdf/src/Mpdf.php(9082): unserialize()
  #2 /var/www/html/dokuwiki/lib/plugins/dw2pdf/vendor/mpdf/mpdf/src/Mpdf.php(7835): Mpdf\Mpdf->_getObjAttr()
  #3 /var/www/html/dokuwiki/lib/plugins/dw2pdf/vendor/mpdf/mpdf/src/Mpdf.php(16413): Mpdf\Mpdf->WriteFlowingBlock()
  #4 /var/www/html/dokuwiki/lib/plugins/dw2pdf/vendor/mpdf/mpdf/src/Tag/BlockTag.php(1126): Mpdf\Mpdf->printbuffer()
  #5 /var/www/html/dokuwiki/lib/plugins/dw2pdf/vendor/mpdf/mpdf/src/Tag.php(247): Mpdf\Tag\BlockTag->close()
  #6 /var/www/html/dokuwiki/lib/plugins/dw2pdf/vendor/mpdf/mpdf/src/Mpdf.php(13718): Mpdf\Tag->CloseTag()
  #7 /var/www/html/dokuwiki/lib/plugins/dw2pdf/action.php(540): Mpdf\Mpdf->WriteHTML()
  #8 /var/www/html/dokuwiki/lib/plugins/dw2pdf/action.php(118): action_plugin_dw2pdf->generatePDF()
  #9 /var/www/html/dokuwiki/inc/Extension/EventHandler.php(80): action_plugin_dw2pdf->convert()
  #10 /var/www/html/dokuwiki/inc/Extension/Event.php(75): dokuwiki\Extension\EventHandler->process_event()
  #11 /var/www/html/dokuwiki/inc/ActionRouter.php(83): dokuwiki\Extension\Event->advise_before()
  #12 /var/www/html/dokuwiki/inc/ActionRouter.php(49): dokuwiki\ActionRouter->setupAction()
  #13 /var/www/html/dokuwiki/inc/ActionRouter.php(62): dokuwiki\ActionRouter->__construct()
  #14 /var/www/html/dokuwiki/inc/actions.php(19): dokuwiki\ActionRouter::getInstance()
  #15 /var/www/html/dokuwiki/doku.php(131): act_dispatch()
  #16 {main}
2025-03-27 21:24:29	/var/www/html/dokuwiki/lib/plugins/dw2pdf/vendor/mpdf/mpdf/src/Mpdf.php(9082)	E_WARNING: unserialize(): Extra data starting at offset 82 of 85 bytes
  #0 [internal function]: dokuwiki\ErrorHandler::errorHandler()
  #1 /var/www/html/dokuwiki/lib/plugins/dw2pdf/vendor/mpdf/mpdf/src/Mpdf.php(9082): unserialize()
  #2 /var/www/html/dokuwiki/lib/plugins/dw2pdf/vendor/mpdf/mpdf/src/Mpdf.php(16147): Mpdf\Mpdf->_getObjAttr()
  #3 /var/www/html/dokuwiki/lib/plugins/dw2pdf/vendor/mpdf/mpdf/src/Tag/BlockTag.php(1126): Mpdf\Mpdf->printbuffer()
  #4 /var/www/html/dokuwiki/lib/plugins/dw2pdf/vendor/mpdf/mpdf/src/Tag.php(247): Mpdf\Tag\BlockTag->close()
  #5 /var/www/html/dokuwiki/lib/plugins/dw2pdf/vendor/mpdf/mpdf/src/Mpdf.php(13718): Mpdf\Tag->CloseTag()
  #6 /var/www/html/dokuwiki/lib/plugins/dw2pdf/action.php(540): Mpdf\Mpdf->WriteHTML()
  #7 /var/www/html/dokuwiki/lib/plugins/dw2pdf/action.php(118): action_plugin_dw2pdf->generatePDF()
  #8 /var/www/html/dokuwiki/inc/Extension/EventHandler.php(80): action_plugin_dw2pdf->convert()
  #9 /var/www/html/dokuwiki/inc/Extension/Event.php(75): dokuwiki\Extension\EventHandler->process_event()
  #10 /var/www/html/dokuwiki/inc/ActionRouter.php(83): dokuwiki\Extension\Event->advise_before()
  #11 /var/www/html/dokuwiki/inc/ActionRouter.php(49): dokuwiki\ActionRouter->setupAction()
  #12 /var/www/html/dokuwiki/inc/ActionRouter.php(62): dokuwiki\ActionRouter->__construct()
  #13 /var/www/html/dokuwiki/inc/actions.php(19): dokuwiki\ActionRouter::getInstance()
  #14 /var/www/html/dokuwiki/doku.php(131): act_dispatch()
  #15 {main}
2025-03-27 21:24:29	/var/www/html/dokuwiki/lib/plugins/dw2pdf/vendor/mpdf/mpdf/src/Mpdf.php(9082)	E_WARNING: unserialize(): Extra data starting at offset 82 of 85 bytes
  #0 [internal function]: dokuwiki\ErrorHandler::errorHandler()
  #1 /var/www/html/dokuwiki/lib/plugins/dw2pdf/vendor/mpdf/mpdf/src/Mpdf.php(9082): unserialize()
  #2 /var/www/html/dokuwiki/lib/plugins/dw2pdf/vendor/mpdf/mpdf/src/Mpdf.php(7835): Mpdf\Mpdf->_getObjAttr()
  #3 /var/www/html/dokuwiki/lib/plugins/dw2pdf/vendor/mpdf/mpdf/src/Mpdf.php(16413): Mpdf\Mpdf->WriteFlowingBlock()
  #4 /var/www/html/dokuwiki/lib/plugins/dw2pdf/vendor/mpdf/mpdf/src/Tag/BlockTag.php(1126): Mpdf\Mpdf->printbuffer()
  #5 /var/www/html/dokuwiki/lib/plugins/dw2pdf/vendor/mpdf/mpdf/src/Tag.php(247): Mpdf\Tag\BlockTag->close()
  #6 /var/www/html/dokuwiki/lib/plugins/dw2pdf/vendor/mpdf/mpdf/src/Mpdf.php(13718): Mpdf\Tag->CloseTag()
  #7 /var/www/html/dokuwiki/lib/plugins/dw2pdf/action.php(540): Mpdf\Mpdf->WriteHTML()
  #8 /var/www/html/dokuwiki/lib/plugins/dw2pdf/action.php(118): action_plugin_dw2pdf->generatePDF()
  #9 /var/www/html/dokuwiki/inc/Extension/EventHandler.php(80): action_plugin_dw2pdf->convert()
  #10 /var/www/html/dokuwiki/inc/Extension/Event.php(75): dokuwiki\Extension\EventHandler->process_event()
  #11 /var/www/html/dokuwiki/inc/ActionRouter.php(83): dokuwiki\Extension\Event->advise_before()
  #12 /var/www/html/dokuwiki/inc/ActionRouter.php(49): dokuwiki\ActionRouter->setupAction()
  #13 /var/www/html/dokuwiki/inc/ActionRouter.php(62): dokuwiki\ActionRouter->__construct()
  #14 /var/www/html/dokuwiki/inc/actions.php(19): dokuwiki\ActionRouter::getInstance()
  #15 /var/www/html/dokuwiki/doku.php(131): act_dispatch()
  #16 {main}
2025-03-27 21:24:29	/var/www/html/dokuwiki/lib/plugins/dw2pdf/vendor/mpdf/mpdf/src/Mpdf.php(9082)	E_WARNING: unserialize(): Extra data starting at offset 109 of 112 bytes
  #0 [internal function]: dokuwiki\ErrorHandler::errorHandler()
  #1 /var/www/html/dokuwiki/lib/plugins/dw2pdf/vendor/mpdf/mpdf/src/Mpdf.php(9082): unserialize()
  #2 /var/www/html/dokuwiki/lib/plugins/dw2pdf/vendor/mpdf/mpdf/src/Mpdf.php(16147): Mpdf\Mpdf->_getObjAttr()
  #3 /var/www/html/dokuwiki/lib/plugins/dw2pdf/vendor/mpdf/mpdf/src/Tag/BlockTag.php(1126): Mpdf\Mpdf->printbuffer()
  #4 /var/www/html/dokuwiki/lib/plugins/dw2pdf/vendor/mpdf/mpdf/src/Tag.php(247): Mpdf\Tag\BlockTag->close()
  #5 /var/www/html/dokuwiki/lib/plugins/dw2pdf/vendor/mpdf/mpdf/src/Mpdf.php(13718): Mpdf\Tag->CloseTag()
  #6 /var/www/html/dokuwiki/lib/plugins/dw2pdf/action.php(540): Mpdf\Mpdf->WriteHTML()
  #7 /var/www/html/dokuwiki/lib/plugins/dw2pdf/action.php(118): action_plugin_dw2pdf->generatePDF()
  #8 /var/www/html/dokuwiki/inc/Extension/EventHandler.php(80): action_plugin_dw2pdf->convert()
  #9 /var/www/html/dokuwiki/inc/Extension/Event.php(75): dokuwiki\Extension\EventHandler->process_event()
  #10 /var/www/html/dokuwiki/inc/ActionRouter.php(83): dokuwiki\Extension\Event->advise_before()
  #11 /var/www/html/dokuwiki/inc/ActionRouter.php(49): dokuwiki\ActionRouter->setupAction()
  #12 /var/www/html/dokuwiki/inc/ActionRouter.php(62): dokuwiki\ActionRouter->__construct()
  #13 /var/www/html/dokuwiki/inc/actions.php(19): dokuwiki\ActionRouter::getInstance()
  #14 /var/www/html/dokuwiki/doku.php(131): act_dispatch()
  #15 {main}
2025-03-27 21:24:29	/var/www/html/dokuwiki/lib/plugins/dw2pdf/vendor/mpdf/mpdf/src/Mpdf.php(9082)	E_WARNING: unserialize(): Extra data starting at offset 109 of 112 bytes
  #0 [internal function]: dokuwiki\ErrorHandler::errorHandler()
  #1 /var/www/html/dokuwiki/lib/plugins/dw2pdf/vendor/mpdf/mpdf/src/Mpdf.php(9082): unserialize()
  #2 /var/www/html/dokuwiki/lib/plugins/dw2pdf/vendor/mpdf/mpdf/src/Mpdf.php(7835): Mpdf\Mpdf->_getObjAttr()
  #3 /var/www/html/dokuwiki/lib/plugins/dw2pdf/vendor/mpdf/mpdf/src/Mpdf.php(16413): Mpdf\Mpdf->WriteFlowingBlock()
  #4 /var/www/html/dokuwiki/lib/plugins/dw2pdf/vendor/mpdf/mpdf/src/Tag/BlockTag.php(1126): Mpdf\Mpdf->printbuffer()
  #5 /var/www/html/dokuwiki/lib/plugins/dw2pdf/vendor/mpdf/mpdf/src/Tag.php(247): Mpdf\Tag\BlockTag->close()
  #6 /var/www/html/dokuwiki/lib/plugins/dw2pdf/vendor/mpdf/mpdf/src/Mpdf.php(13718): Mpdf\Tag->CloseTag()
  #7 /var/www/html/dokuwiki/lib/plugins/dw2pdf/action.php(540): Mpdf\Mpdf->WriteHTML()
  #8 /var/www/html/dokuwiki/lib/plugins/dw2pdf/action.php(118): action_plugin_dw2pdf->generatePDF()
  #9 /var/www/html/dokuwiki/inc/Extension/EventHandler.php(80): action_plugin_dw2pdf->convert()
  #10 /var/www/html/dokuwiki/inc/Extension/Event.php(75): dokuwiki\Extension\EventHandler->process_event()
  #11 /var/www/html/dokuwiki/inc/ActionRouter.php(83): dokuwiki\Extension\Event->advise_before()
  #12 /var/www/html/dokuwiki/inc/ActionRouter.php(49): dokuwiki\ActionRouter->setupAction()
  #13 /var/www/html/dokuwiki/inc/ActionRouter.php(62): dokuwiki\ActionRouter->__construct()
  #14 /var/www/html/dokuwiki/inc/actions.php(19): dokuwiki\ActionRouter::getInstance()
  #15 /var/www/html/dokuwiki/doku.php(131): act_dispatch()
  #16 {main}
2025-03-27 21:24:29	/var/www/html/dokuwiki/lib/plugins/dw2pdf/vendor/mpdf/mpdf/src/Mpdf.php(9082)	E_WARNING: unserialize(): Extra data starting at offset 91 of 94 bytes
  #0 [internal function]: dokuwiki\ErrorHandler::errorHandler()
  #1 /var/www/html/dokuwiki/lib/plugins/dw2pdf/vendor/mpdf/mpdf/src/Mpdf.php(9082): unserialize()
  #2 /var/www/html/dokuwiki/lib/plugins/dw2pdf/vendor/mpdf/mpdf/src/Mpdf.php(16147): Mpdf\Mpdf->_getObjAttr()
  #3 /var/www/html/dokuwiki/lib/plugins/dw2pdf/vendor/mpdf/mpdf/src/Tag/BlockTag.php(1126): Mpdf\Mpdf->printbuffer()
  #4 /var/www/html/dokuwiki/lib/plugins/dw2pdf/vendor/mpdf/mpdf/src/Tag.php(247): Mpdf\Tag\BlockTag->close()
  #5 /var/www/html/dokuwiki/lib/plugins/dw2pdf/vendor/mpdf/mpdf/src/Mpdf.php(13718): Mpdf\Tag->CloseTag()
  #6 /var/www/html/dokuwiki/lib/plugins/dw2pdf/action.php(540): Mpdf\Mpdf->WriteHTML()
  #7 /var/www/html/dokuwiki/lib/plugins/dw2pdf/action.php(118): action_plugin_dw2pdf->generatePDF()
  #8 /var/www/html/dokuwiki/inc/Extension/EventHandler.php(80): action_plugin_dw2pdf->convert()
  #9 /var/www/html/dokuwiki/inc/Extension/Event.php(75): dokuwiki\Extension\EventHandler->process_event()
  #10 /var/www/html/dokuwiki/inc/ActionRouter.php(83): dokuwiki\Extension\Event->advise_before()
  #11 /var/www/html/dokuwiki/inc/ActionRouter.php(49): dokuwiki\ActionRouter->setupAction()
  #12 /var/www/html/dokuwiki/inc/ActionRouter.php(62): dokuwiki\ActionRouter->__construct()
  #13 /var/www/html/dokuwiki/inc/actions.php(19): dokuwiki\ActionRouter::getInstance()
  #14 /var/www/html/dokuwiki/doku.php(131): act_dispatch()
  #15 {main}
2025-03-27 21:24:29	/var/www/html/dokuwiki/lib/plugins/dw2pdf/vendor/mpdf/mpdf/src/Mpdf.php(9082)	E_WARNING: unserialize(): Extra data starting at offset 91 of 94 bytes
  #0 [internal function]: dokuwiki\ErrorHandler::errorHandler()
  #1 /var/www/html/dokuwiki/lib/plugins/dw2pdf/vendor/mpdf/mpdf/src/Mpdf.php(9082): unserialize()
  #2 /var/www/html/dokuwiki/lib/plugins/dw2pdf/vendor/mpdf/mpdf/src/Mpdf.php(7835): Mpdf\Mpdf->_getObjAttr()
  #3 /var/www/html/dokuwiki/lib/plugins/dw2pdf/vendor/mpdf/mpdf/src/Mpdf.php(16413): Mpdf\Mpdf->WriteFlowingBlock()
  #4 /var/www/html/dokuwiki/lib/plugins/dw2pdf/vendor/mpdf/mpdf/src/Tag/BlockTag.php(1126): Mpdf\Mpdf->printbuffer()
  #5 /var/www/html/dokuwiki/lib/plugins/dw2pdf/vendor/mpdf/mpdf/src/Tag.php(247): Mpdf\Tag\BlockTag->close()
  #6 /var/www/html/dokuwiki/lib/plugins/dw2pdf/vendor/mpdf/mpdf/src/Mpdf.php(13718): Mpdf\Tag->CloseTag()
  #7 /var/www/html/dokuwiki/lib/plugins/dw2pdf/action.php(540): Mpdf\Mpdf->WriteHTML()
  #8 /var/www/html/dokuwiki/lib/plugins/dw2pdf/action.php(118): action_plugin_dw2pdf->generatePDF()
  #9 /var/www/html/dokuwiki/inc/Extension/EventHandler.php(80): action_plugin_dw2pdf->convert()
  #10 /var/www/html/dokuwiki/inc/Extension/Event.php(75): dokuwiki\Extension\EventHandler->process_event()
  #11 /var/www/html/dokuwiki/inc/ActionRouter.php(83): dokuwiki\Extension\Event->advise_before()
  #12 /var/www/html/dokuwiki/inc/ActionRouter.php(49): dokuwiki\ActionRouter->setupAction()
  #13 /var/www/html/dokuwiki/inc/ActionRouter.php(62): dokuwiki\ActionRouter->__construct()
  #14 /var/www/html/dokuwiki/inc/actions.php(19): dokuwiki\ActionRouter::getInstance()
  #15 /var/www/html/dokuwiki/doku.php(131): act_dispatch()
  #16 {main}
2025-03-27 21:24:29	/var/www/html/dokuwiki/lib/plugins/dw2pdf/vendor/mpdf/mpdf/src/Mpdf.php(9082)	E_WARNING: unserialize(): Extra data starting at offset 94 of 97 bytes
  #0 [internal function]: dokuwiki\ErrorHandler::errorHandler()
  #1 /var/www/html/dokuwiki/lib/plugins/dw2pdf/vendor/mpdf/mpdf/src/Mpdf.php(9082): unserialize()
  #2 /var/www/html/dokuwiki/lib/plugins/dw2pdf/vendor/mpdf/mpdf/src/Mpdf.php(16147): Mpdf\Mpdf->_getObjAttr()
  #3 /var/www/html/dokuwiki/lib/plugins/dw2pdf/vendor/mpdf/mpdf/src/Tag/BlockTag.php(1126): Mpdf\Mpdf->printbuffer()
  #4 /var/www/html/dokuwiki/lib/plugins/dw2pdf/vendor/mpdf/mpdf/src/Tag.php(247): Mpdf\Tag\BlockTag->close()
  #5 /var/www/html/dokuwiki/lib/plugins/dw2pdf/vendor/mpdf/mpdf/src/Mpdf.php(13718): Mpdf\Tag->CloseTag()
  #6 /var/www/html/dokuwiki/lib/plugins/dw2pdf/action.php(540): Mpdf\Mpdf->WriteHTML()
  #7 /var/www/html/dokuwiki/lib/plugins/dw2pdf/action.php(118): action_plugin_dw2pdf->generatePDF()
  #8 /var/www/html/dokuwiki/inc/Extension/EventHandler.php(80): action_plugin_dw2pdf->convert()
  #9 /var/www/html/dokuwiki/inc/Extension/Event.php(75): dokuwiki\Extension\EventHandler->process_event()
  #10 /var/www/html/dokuwiki/inc/ActionRouter.php(83): dokuwiki\Extension\Event->advise_before()
  #11 /var/www/html/dokuwiki/inc/ActionRouter.php(49): dokuwiki\ActionRouter->setupAction()
  #12 /var/www/html/dokuwiki/inc/ActionRouter.php(62): dokuwiki\ActionRouter->__construct()
  #13 /var/www/html/dokuwiki/inc/actions.php(19): dokuwiki\ActionRouter::getInstance()
  #14 /var/www/html/dokuwiki/doku.php(131): act_dispatch()
  #15 {main}
2025-03-27 21:24:29	/var/www/html/dokuwiki/lib/plugins/dw2pdf/vendor/mpdf/mpdf/src/Mpdf.php(9082)	E_WARNING: unserialize(): Extra data starting at offset 94 of 97 bytes
  #0 [internal function]: dokuwiki\ErrorHandler::errorHandler()
  #1 /var/www/html/dokuwiki/lib/plugins/dw2pdf/vendor/mpdf/mpdf/src/Mpdf.php(9082): unserialize()
  #2 /var/www/html/dokuwiki/lib/plugins/dw2pdf/vendor/mpdf/mpdf/src/Mpdf.php(7835): Mpdf\Mpdf->_getObjAttr()
  #3 /var/www/html/dokuwiki/lib/plugins/dw2pdf/vendor/mpdf/mpdf/src/Mpdf.php(16413): Mpdf\Mpdf->WriteFlowingBlock()
  #4 /var/www/html/dokuwiki/lib/plugins/dw2pdf/vendor/mpdf/mpdf/src/Tag/BlockTag.php(1126): Mpdf\Mpdf->printbuffer()
  #5 /var/www/html/dokuwiki/lib/plugins/dw2pdf/vendor/mpdf/mpdf/src/Tag.php(247): Mpdf\Tag\BlockTag->close()
  #6 /var/www/html/dokuwiki/lib/plugins/dw2pdf/vendor/mpdf/mpdf/src/Mpdf.php(13718): Mpdf\Tag->CloseTag()
  #7 /var/www/html/dokuwiki/lib/plugins/dw2pdf/action.php(540): Mpdf\Mpdf->WriteHTML()
  #8 /var/www/html/dokuwiki/lib/plugins/dw2pdf/action.php(118): action_plugin_dw2pdf->generatePDF()
  #9 /var/www/html/dokuwiki/inc/Extension/EventHandler.php(80): action_plugin_dw2pdf->convert()
  #10 /var/www/html/dokuwiki/inc/Extension/Event.php(75): dokuwiki\Extension\EventHandler->process_event()
  #11 /var/www/html/dokuwiki/inc/ActionRouter.php(83): dokuwiki\Extension\Event->advise_before()
  #12 /var/www/html/dokuwiki/inc/ActionRouter.php(49): dokuwiki\ActionRouter->setupAction()
  #13 /var/www/html/dokuwiki/inc/ActionRouter.php(62): dokuwiki\ActionRouter->__construct()
  #14 /var/www/html/dokuwiki/inc/actions.php(19): dokuwiki\ActionRouter::getInstance()
  #15 /var/www/html/dokuwiki/doku.php(131): act_dispatch()
  #16 {main}
2025-03-27 21:24:29	/var/www/html/dokuwiki/lib/plugins/dw2pdf/vendor/mpdf/mpdf/src/Mpdf.php(9082)	E_WARNING: unserialize(): Extra data starting at offset 848 of 851 bytes
  #0 [internal function]: dokuwiki\ErrorHandler::errorHandler()
  #1 /var/www/html/dokuwiki/lib/plugins/dw2pdf/vendor/mpdf/mpdf/src/Mpdf.php(9082): unserialize()
  #2 /var/www/html/dokuwiki/lib/plugins/dw2pdf/vendor/mpdf/mpdf/src/Mpdf.php(19074): Mpdf\Mpdf->_getObjAttr()
  #3 /var/www/html/dokuwiki/lib/plugins/dw2pdf/vendor/mpdf/mpdf/src/Mpdf.php(19732): Mpdf\Mpdf->TableCheckMinWidth()
  #4 /var/www/html/dokuwiki/lib/plugins/dw2pdf/vendor/mpdf/mpdf/src/Tag/Table.php(761): Mpdf\Mpdf->_tableColumnWidth()
  #5 /var/www/html/dokuwiki/lib/plugins/dw2pdf/vendor/mpdf/mpdf/src/Tag.php(247): Mpdf\Tag\Table->close()
  #6 /var/www/html/dokuwiki/lib/plugins/dw2pdf/vendor/mpdf/mpdf/src/Mpdf.php(13718): Mpdf\Tag->CloseTag()
  #7 /var/www/html/dokuwiki/lib/plugins/dw2pdf/action.php(540): Mpdf\Mpdf->WriteHTML()
  #8 /var/www/html/dokuwiki/lib/plugins/dw2pdf/action.php(118): action_plugin_dw2pdf->generatePDF()
  #9 /var/www/html/dokuwiki/inc/Extension/EventHandler.php(80): action_plugin_dw2pdf->convert()
  #10 /var/www/html/dokuwiki/inc/Extension/Event.php(75): dokuwiki\Extension\EventHandler->process_event()
  #11 /var/www/html/dokuwiki/inc/ActionRouter.php(83): dokuwiki\Extension\Event->advise_before()
  #12 /var/www/html/dokuwiki/inc/ActionRouter.php(49): dokuwiki\ActionRouter->setupAction()
  #13 /var/www/html/dokuwiki/inc/ActionRouter.php(62): dokuwiki\ActionRouter->__construct()
  #14 /var/www/html/dokuwiki/inc/actions.php(19): dokuwiki\ActionRouter::getInstance()
  #15 /var/www/html/dokuwiki/doku.php(131): act_dispatch()
  #16 {main}
2025-03-27 21:24:29	/var/www/html/dokuwiki/lib/plugins/dw2pdf/vendor/mpdf/mpdf/src/Mpdf.php(9082)	E_WARNING: unserialize(): Extra data starting at offset 848 of 851 bytes
  #0 [internal function]: dokuwiki\ErrorHandler::errorHandler()
  #1 /var/www/html/dokuwiki/lib/plugins/dw2pdf/vendor/mpdf/mpdf/src/Mpdf.php(9082): unserialize()
  #2 /var/www/html/dokuwiki/lib/plugins/dw2pdf/vendor/mpdf/mpdf/src/Mpdf.php(19074): Mpdf\Mpdf->_getObjAttr()
  #3 /var/www/html/dokuwiki/lib/plugins/dw2pdf/vendor/mpdf/mpdf/src/Mpdf.php(19732): Mpdf\Mpdf->TableCheckMinWidth()
  #4 /var/www/html/dokuwiki/lib/plugins/dw2pdf/vendor/mpdf/mpdf/src/Tag/Table.php(788): Mpdf\Mpdf->_tableColumnWidth()
  #5 /var/www/html/dokuwiki/lib/plugins/dw2pdf/vendor/mpdf/mpdf/src/Tag.php(247): Mpdf\Tag\Table->close()
  #6 /var/www/html/dokuwiki/lib/plugins/dw2pdf/vendor/mpdf/mpdf/src/Mpdf.php(13718): Mpdf\Tag->CloseTag()
  #7 /var/www/html/dokuwiki/lib/plugins/dw2pdf/action.php(540): Mpdf\Mpdf->WriteHTML()
  #8 /var/www/html/dokuwiki/lib/plugins/dw2pdf/action.php(118): action_plugin_dw2pdf->generatePDF()
  #9 /var/www/html/dokuwiki/inc/Extension/EventHandler.php(80): action_plugin_dw2pdf->convert()
  #10 /var/www/html/dokuwiki/inc/Extension/Event.php(75): dokuwiki\Extension\EventHandler->process_event()
  #11 /var/www/html/dokuwiki/inc/ActionRouter.php(83): dokuwiki\Extension\Event->advise_before()
  #12 /var/www/html/dokuwiki/inc/ActionRouter.php(49): dokuwiki\ActionRouter->setupAction()
  #13 /var/www/html/dokuwiki/inc/ActionRouter.php(62): dokuwiki\ActionRouter->__construct()
  #14 /var/www/html/dokuwiki/inc/actions.php(19): dokuwiki\ActionRouter::getInstance()
  #15 /var/www/html/dokuwiki/doku.php(131): act_dispatch()
  #16 {main}
2025-03-27 21:24:29	/var/www/html/dokuwiki/lib/plugins/dw2pdf/vendor/mpdf/mpdf/src/Mpdf.php(9082)	E_WARNING: unserialize(): Extra data starting at offset 848 of 851 bytes
  #0 [internal function]: dokuwiki\ErrorHandler::errorHandler()
  #1 /var/www/html/dokuwiki/lib/plugins/dw2pdf/vendor/mpdf/mpdf/src/Mpdf.php(9082): unserialize()
  #2 /var/www/html/dokuwiki/lib/plugins/dw2pdf/vendor/mpdf/mpdf/src/Mpdf.php(16147): Mpdf\Mpdf->_getObjAttr()
  #3 /var/www/html/dokuwiki/lib/plugins/dw2pdf/vendor/mpdf/mpdf/src/Mpdf.php(20412): Mpdf\Mpdf->printbuffer()
  #4 /var/www/html/dokuwiki/lib/plugins/dw2pdf/vendor/mpdf/mpdf/src/Tag/Table.php(865): Mpdf\Mpdf->_tableHeight()
  #5 /var/www/html/dokuwiki/lib/plugins/dw2pdf/vendor/mpdf/mpdf/src/Tag.php(247): Mpdf\Tag\Table->close()
  #6 /var/www/html/dokuwiki/lib/plugins/dw2pdf/vendor/mpdf/mpdf/src/Mpdf.php(13718): Mpdf\Tag->CloseTag()
  #7 /var/www/html/dokuwiki/lib/plugins/dw2pdf/action.php(540): Mpdf\Mpdf->WriteHTML()
  #8 /var/www/html/dokuwiki/lib/plugins/dw2pdf/action.php(118): action_plugin_dw2pdf->generatePDF()
  #9 /var/www/html/dokuwiki/inc/Extension/EventHandler.php(80): action_plugin_dw2pdf->convert()
  #10 /var/www/html/dokuwiki/inc/Extension/Event.php(75): dokuwiki\Extension\EventHandler->process_event()
  #11 /var/www/html/dokuwiki/inc/ActionRouter.php(83): dokuwiki\Extension\Event->advise_before()
  #12 /var/www/html/dokuwiki/inc/ActionRouter.php(49): dokuwiki\ActionRouter->setupAction()
  #13 /var/www/html/dokuwiki/inc/ActionRouter.php(62): dokuwiki\ActionRouter->__construct()
  #14 /var/www/html/dokuwiki/inc/actions.php(19): dokuwiki\ActionRouter::getInstance()
  #15 /var/www/html/dokuwiki/doku.php(131): act_dispatch()
  #16 {main}
2025-03-27 21:24:29	/var/www/html/dokuwiki/lib/plugins/dw2pdf/vendor/mpdf/mpdf/src/Mpdf.php(9082)	E_WARNING: unserialize(): Extra data starting at offset 848 of 851 bytes
  #0 [internal function]: dokuwiki\ErrorHandler::errorHandler()
  #1 /var/www/html/dokuwiki/lib/plugins/dw2pdf/vendor/mpdf/mpdf/src/Mpdf.php(9082): unserialize()
  #2 /var/www/html/dokuwiki/lib/plugins/dw2pdf/vendor/mpdf/mpdf/src/Mpdf.php(7835): Mpdf\Mpdf->_getObjAttr()
  #3 /var/www/html/dokuwiki/lib/plugins/dw2pdf/vendor/mpdf/mpdf/src/Mpdf.php(16413): Mpdf\Mpdf->WriteFlowingBlock()
  #4 /var/www/html/dokuwiki/lib/plugins/dw2pdf/vendor/mpdf/mpdf/src/Mpdf.php(20412): Mpdf\Mpdf->printbuffer()
  #5 /var/www/html/dokuwiki/lib/plugins/dw2pdf/vendor/mpdf/mpdf/src/Tag/Table.php(865): Mpdf\Mpdf->_tableHeight()
  #6 /var/www/html/dokuwiki/lib/plugins/dw2pdf/vendor/mpdf/mpdf/src/Tag.php(247): Mpdf\Tag\Table->close()
  #7 /var/www/html/dokuwiki/lib/plugins/dw2pdf/vendor/mpdf/mpdf/src/Mpdf.php(13718): Mpdf\Tag->CloseTag()
  #8 /var/www/html/dokuwiki/lib/plugins/dw2pdf/action.php(540): Mpdf\Mpdf->WriteHTML()
  #9 /var/www/html/dokuwiki/lib/plugins/dw2pdf/action.php(118): action_plugin_dw2pdf->generatePDF()
  #10 /var/www/html/dokuwiki/inc/Extension/EventHandler.php(80): action_plugin_dw2pdf->convert()
  #11 /var/www/html/dokuwiki/inc/Extension/Event.php(75): dokuwiki\Extension\EventHandler->process_event()
  #12 /var/www/html/dokuwiki/inc/ActionRouter.php(83): dokuwiki\Extension\Event->advise_before()
  #13 /var/www/html/dokuwiki/inc/ActionRouter.php(49): dokuwiki\ActionRouter->setupAction()
  #14 /var/www/html/dokuwiki/inc/ActionRouter.php(62): dokuwiki\ActionRouter->__construct()
  #15 /var/www/html/dokuwiki/inc/actions.php(19): dokuwiki\ActionRouter::getInstance()
  #16 /var/www/html/dokuwiki/doku.php(131): act_dispatch()
  #17 {main}
2025-03-27 21:24:29	/var/www/html/dokuwiki/lib/plugins/dw2pdf/vendor/mpdf/mpdf/src/Mpdf.php(9082)	E_WARNING: unserialize(): Extra data starting at offset 848 of 851 bytes
  #0 [internal function]: dokuwiki\ErrorHandler::errorHandler()
  #1 /var/www/html/dokuwiki/lib/plugins/dw2pdf/vendor/mpdf/mpdf/src/Mpdf.php(9082): unserialize()
  #2 /var/www/html/dokuwiki/lib/plugins/dw2pdf/vendor/mpdf/mpdf/src/Mpdf.php(16147): Mpdf\Mpdf->_getObjAttr()
  #3 /var/www/html/dokuwiki/lib/plugins/dw2pdf/vendor/mpdf/mpdf/src/Mpdf.php(22990): Mpdf\Mpdf->printbuffer()
  #4 /var/www/html/dokuwiki/lib/plugins/dw2pdf/vendor/mpdf/mpdf/src/Tag/Table.php(1131): Mpdf\Mpdf->_tableWrite()
  #5 /var/www/html/dokuwiki/lib/plugins/dw2pdf/vendor/mpdf/mpdf/src/Tag.php(247): Mpdf\Tag\Table->close()
  #6 /var/www/html/dokuwiki/lib/plugins/dw2pdf/vendor/mpdf/mpdf/src/Mpdf.php(13718): Mpdf\Tag->CloseTag()
  #7 /var/www/html/dokuwiki/lib/plugins/dw2pdf/action.php(540): Mpdf\Mpdf->WriteHTML()
  #8 /var/www/html/dokuwiki/lib/plugins/dw2pdf/action.php(118): action_plugin_dw2pdf->generatePDF()
  #9 /var/www/html/dokuwiki/inc/Extension/EventHandler.php(80): action_plugin_dw2pdf->convert()
  #10 /var/www/html/dokuwiki/inc/Extension/Event.php(75): dokuwiki\Extension\EventHandler->process_event()
  #11 /var/www/html/dokuwiki/inc/ActionRouter.php(83): dokuwiki\Extension\Event->advise_before()
  #12 /var/www/html/dokuwiki/inc/ActionRouter.php(49): dokuwiki\ActionRouter->setupAction()
  #13 /var/www/html/dokuwiki/inc/ActionRouter.php(62): dokuwiki\ActionRouter->__construct()
  #14 /var/www/html/dokuwiki/inc/actions.php(19): dokuwiki\ActionRouter::getInstance()
  #15 /var/www/html/dokuwiki/doku.php(131): act_dispatch()
  #16 {main}
2025-03-27 21:24:29	/var/www/html/dokuwiki/lib/plugins/dw2pdf/vendor/mpdf/mpdf/src/Mpdf.php(9082)	E_WARNING: unserialize(): Extra data starting at offset 848 of 851 bytes
  #0 [internal function]: dokuwiki\ErrorHandler::errorHandler()
  #1 /var/www/html/dokuwiki/lib/plugins/dw2pdf/vendor/mpdf/mpdf/src/Mpdf.php(9082): unserialize()
  #2 /var/www/html/dokuwiki/lib/plugins/dw2pdf/vendor/mpdf/mpdf/src/Mpdf.php(7835): Mpdf\Mpdf->_getObjAttr()
  #3 /var/www/html/dokuwiki/lib/plugins/dw2pdf/vendor/mpdf/mpdf/src/Mpdf.php(16413): Mpdf\Mpdf->WriteFlowingBlock()
  #4 /var/www/html/dokuwiki/lib/plugins/dw2pdf/vendor/mpdf/mpdf/src/Mpdf.php(22990): Mpdf\Mpdf->printbuffer()
  #5 /var/www/html/dokuwiki/lib/plugins/dw2pdf/vendor/mpdf/mpdf/src/Tag/Table.php(1131): Mpdf\Mpdf->_tableWrite()
  #6 /var/www/html/dokuwiki/lib/plugins/dw2pdf/vendor/mpdf/mpdf/src/Tag.php(247): Mpdf\Tag\Table->close()
  #7 /var/www/html/dokuwiki/lib/plugins/dw2pdf/vendor/mpdf/mpdf/src/Mpdf.php(13718): Mpdf\Tag->CloseTag()
  #8 /var/www/html/dokuwiki/lib/plugins/dw2pdf/action.php(540): Mpdf\Mpdf->WriteHTML()
  #9 /var/www/html/dokuwiki/lib/plugins/dw2pdf/action.php(118): action_plugin_dw2pdf->generatePDF()
  #10 /var/www/html/dokuwiki/inc/Extension/EventHandler.php(80): action_plugin_dw2pdf->convert()
  #11 /var/www/html/dokuwiki/inc/Extension/Event.php(75): dokuwiki\Extension\EventHandler->process_event()
  #12 /var/www/html/dokuwiki/inc/ActionRouter.php(83): dokuwiki\Extension\Event->advise_before()
  #13 /var/www/html/dokuwiki/inc/ActionRouter.php(49): dokuwiki\ActionRouter->setupAction()
  #14 /var/www/html/dokuwiki/inc/ActionRouter.php(62): dokuwiki\ActionRouter->__construct()
  #15 /var/www/html/dokuwiki/inc/actions.php(19): dokuwiki\ActionRouter::getInstance()
  #16 /var/www/html/dokuwiki/doku.php(131): act_dispatch()
  #17 {main}
